id,title,artist,lyrics,kcbert001,kcelectrica001,kcelectrica001-confidence
37373808,SHEESH,BABYMONSTER,"Da la lun dun
Da la lun dun
Da la lun dun
BABY I’mma MONSTER
Mano a mano
I see you in slow mo’
You know you’re in trouble
Ooh hoo hoo hoo
발버둥 쳐봐
어차피 손바닥
위에서 못 나가
You know that
눈을 뜬 순간
피어나
All eyes on me
불을 질러라
Do or die
On my life
Yeah you ain’t seen nothing yet
Got them all going
Sheesh Sheesh
Sheesh Sheesh Sheesh yeah
B.A.B.Y.M.O.N
Sheesh Sheesh
Sheesh Sheesh Sheesh yeah
Got them all going
Yo hold on 쉿
걍 들이부어라 네 달팽이관에
이건 네 귀에 줄 축복
음악에 맞춰 걍 춤 춰
히비리 합 합 boom boom pow
분위기 타올라 너네들 눈 돌아
띵하니 적잖이 충격일 거야
Crown this queen
홈런은 쳤고 내 다음은 위
어중이떠중이 중간 아님
날 보고 닫혔던 입들 say
Sheesh Sheesh Sheesh
You know what it is
I be running this
Pull up in a ghost
Peek a peek a boo hoo
Vroom vroom
너네 심장에 박동이 pump pump pop
Pedal to the metal
Click clack click
Put’em up to the sky
High high high high
눈을 뜬 순간
피어나
All eyes on me
불을 질러라
Do or die
On my life
Yeah you ain’t seen nothing yet
Got them all going
Sheesh Sheesh
Sheesh Sheesh Sheesh yeah
B.A.B.Y.M.O.N
Sheesh Sheesh
Sheesh Sheesh Sheesh yeah
Got them all going
마음껏 웃어봐
이젠 내 차례니까
천천히 불태워 네가 잠든 사이
Time’s up
올라가 올라가 더
꼭대기 꼭대기로
하늘 위 하늘 위로
Fly away
온 세상을 뒤집어
Come on let’s ride
BABY I’mma MONSTER
B A B Y M O N
Tell a friend tell a friend tell a friend
B A B Y M O N
Tell a friend tell a friend tell a friend
Let's go
Jump jump and let it go
Watch out we on a roll
Rum pump pump pump it up then
Jump jump and let it go
Watch out we on a roll
Rum pump pump pump it up then",2,행복,50.83%
37194943,밤양갱,비비 (BIBI),"떠나는 길에 니가 내게 말했지
‘너는 바라는 게 너무나 많아
잠깐이라도 널 안 바라보면
머리에 불이 나버린다니까’
나는 흐르려는 눈물을 참고
하려던 얘길 어렵게 누르고
‘그래 미안해’라는 한 마디로
너랑 나눈 날들 마무리했었지
달디달고 달디달고 달디단 밤양갱 밤양갱
내가 먹고 싶었던 건 달디단 밤양갱 밤양갱이야
떠나는 길에 니가 내게 말했지
‘너는 바라는 게 너무나 많아’
아냐 내가 늘 바란 건 하나야
한 개뿐이야 달디단 밤양갱
달디달고 달디달고 달디단 밤양갱 밤양갱
내가 먹고 싶었던 건 달디단 밤양갱 밤양갱이야
상다리가 부러지고
둘이서 먹다 하나가 쓰러져버려도
나라는 사람을 몰랐던 넌
떠나가다가 돌아서서 말했지
‘너는 바라는 게 너무나 많아’
아냐 내가 늘 바란 건 하나야
한 개뿐이야 달디단 밤양갱",2,분노,50.64%
37003911,To. X,태연 (TAEYEON),"처음 본 널 기억해
We skipped the small talk
바로 다음 단계였지 뭐
단점이라곤 없는 게 단점이라던
그 허세도 마냥 좋았어
하지만 내 일기가
재미없어진 이유
내가 없어진 나의
매일들은 허전해
좀 이상해 왜 둘 사이에
너만 너만 보이는 걸까
난 까다롭고 힘든 아이라
그런 피곤한 생각만 한대
오늘 나눈 문자 속에
새로 산 티셔츠
그 얘기뿐이야
이제야 난 알 것 같아
Gonna block you
불을 꺼 To. X
그 좋아했던 립스틱
싫단 말에 버린
널 좋아했던 만큼
다 맞추려 했어
‘나 아님 누가
그런 세상 안아주겠어’
그 말이 그땐 그리
달콤했던 거야 Oh no
새벽의 긴 통화도
이젠 피곤해졌어
Every day, every night
나로 채우고 싶어
좀 이상해 왜 둘 사이에
너만 너만 보이는 걸까
난 까다롭고 힘든 아이라
그런 피곤한 생각만 한대
오늘 나눈 문자 속에
새로 산 티셔츠
그 얘기뿐이야
이제야 난 알 것 같아
Gonna block you
불을 꺼 To. X
Gonna block you
불을 꺼 To. X
Say Bye
Gonna block you
불을 꺼 To. X
깜빡거리는
흔들거리는 Light
Gonna block you
불을 꺼 To. X
좀 이상해 왜 둘 사이에
너만 너만 보이는 걸까
(너만 보일까)
난 까다롭고 힘든 아이라
그런 피곤한 생각만 한대
오늘 나눈 문자 속에
(이제 불을 꺼)
새로 산 티셔츠
그 얘기뿐이야
이제야 난 알 것 같아
Gonna block you
불을 꺼 To. X
Gonna block you
불을 꺼 To. X",0,행복,50.75%
37659315,내가 그댈,하동균,"Every time and every day
다신 찾지 않아요
난 알고 있었죠
나를 떠나려고
준비해 왔단 걸 그대
원망하진 않죠 이해할 수 있죠
모자란 나인 걸
알아요 그대 맘에 난 없죠
그댈 채우기엔 나란 사람
평범한 거죠
그래요 이런 날이 온 거죠
끝내 나 그대 맘에
들지 못한 건가요
내가 그댈 놓아 볼게요
다신 찾지 않아요
우연히 그댈 보아도
모른 척 할게요
이제 다른 사람 만나면
이러지는 말아요
이대론 그 누구도
사랑할 수 없어요
그래요 그대 맘에 난 없죠
또 다시 그댈 만날 거라
생각 안 해요
내가 그댈 놓아 볼게요
다신 찾지 않아요
우연히 그댈 보아도
모른 척 할게요
이제 다른 사람 만나면
이러지는 말아요
이대론 그 누구도
사랑할 수 없어요
나 처음 그댈 만난 설렘이
정말 정말 후회가 돼요
Every time and every day
그댈 사랑했어요
아직도 난 그래요
하지만 그댈 다시는
찾지 않을 테죠
이제 다른 사람 만나면
이러지는 말아요
나는요 사랑할 수 없어요 이젠",2,행복,51.42%
37225606,Smart,LE SSERAFIM (르세라핌),"I’m a smarter baby, smarter
Smarter baby, smarter
하날 보면 열까지
간파해서 돌파하지
Wanna be a winner
Wanna be a winner
계획대로 돼가지
난 나비가 될 애송이
원하는 건 승리란 놈
I call it “sugar”
Plan대로라면 놓칠 리가 없지
내 sugar, sugar
누군 말해, 내가 mean-mean-mean-mean-mean
신경 안 써 쉿 쉿 쉿 쉿 쉿
내 패배 위에 필 아름다움 대신
더 강한 이름 ""villain""을 택했지
So 그게 바로 me-me-me-me-me
내겐 보여, see-see-see-see-see
르세라핌 날 이끌어 to victory
I’m a smarter baby, smarter
Smarter baby, smarter
하날 보면 열까지
간파해서 돌파하지
Wanna be a winner
Wanna be a winner
계획대로 돼가지
난 나비가 될 애송이
I’m a smarter baby
Work hard in secret
아귀가 착착 맞게
I planned that, don’t be mad
Plan대로라면 난 될 수가 없지
그 loser, loser
누군 말해, 내가 mean-mean-mean-mean-mean
신경 안 써 쉿 쉿 쉿 쉿 쉿
내 패배 위에 필 아름다움 대신
더 강한 이름 ""villain""을 택했지
So I just wanna be me-me-me-me
내겐 보여, see-see-see-see-see
르세라핌 날 이끌어 to victory
I’m a smarter baby, smarter
Smarter baby, smarter
하날 보면 열까지
간파해서 돌파하지
Wanna be a winner
Wanna be a winner
계획대로 돼가지
난 나비가 될 애송이
I’m a smarter baby
내 시계는 tick-tock
필요했던 shortcut
찾아내고 난 잡았지, huh
누구는 말해, “that’s all luck”
난 말해, “no, it’s not luck""
내 땀은 not lying, lying
Don’t slow down, 이 삶은 superfast
Best scheme, 내 머릿속에
갓생, 난 준비를 끝냈어
Dinner of the winner,
That is what I want to get
I’m a smarter baby, smarter
Smarter baby, smarter
하날 보면 열까지
간파해서 돌파하지
Wanna be a winner
Wanna be a winner
계획대로 돼가지
난 나비가 될 애송이
I’m a smarter baby",2,행복,50.14%
37633631,ABCD,나연 (TWICE),"Slo-mo
Hey I see you looking at me and
I like it oh yeah
No more
다가오길 기다리는 건
Not my option yeah
피어나 My desire
원하는 건 가져야 하는 걸
All I want is love love wit' you
Stop thinkin' 거부할 수 없을걸
Hey listen to me now
A you're gonna B my babe
Everytime you C me
빠져 Deeper deeper babe
Hey listen to me now
ABCD 반복해
How to fall in love 가르쳐 줄게
너는 들어왔어 in my Fantasy
벗어날 수 없어 나의 Gravity
In love in love can't get Enough
Hey 빠져들고 있어 you're Hypnotized
홀린 듯 하나가 되는 you & I
In love in love can't get Enough
넌 따라오면 돼 My babe
지금부터 Imma drive you crazy
아슬아슬한 너와 내 Emotion
자칫하면 이성의 끈을 놓쳐
대화는 필요 없어 Mute
본능이 향하는 곳 Move
전부 벗어던질래
진짜 나를 볼 수 있게
피어나 Feel alive
떨리는 마음 감출 수 없는 걸
All I want is love love wit' you
Stop thinkin' 거부할 수 없을걸
Hey listen to me now
A you're gonna B my babe
Everytime you C me
빠져 Deeper deeper babe
Hey listen to me now
ABCD 반복해
How to fall in love 가르쳐 줄게
너는 들어왔어 in my Fantasy
벗어날 수 없어 나의 Gravity
In love in love can't get Enough
Hey 빠져들고 있어 you're Hypnotized
홀린 듯 하나가 되는 you & I
In love in love can't get Enough
I don't care and I like yeah
A to Z you're my type yeah
알려줄게 Baby how to love
알기 쉽게 네게 One by one
I don't care and I like yeah
A to Z you're my type yeah
알려줄게 Baby how to love
알기 쉽게 네게 One by one
A you're gonna B my babe
Everytime you C me
빠져 Deeper deeper babe
ABCD 반복해
How to fall in love 가르쳐 줄게",2,행복,51.79%
30492279,비도 오고 그래서 (Feat. 신용재),헤이즈 (Heize),"비도 오고 그래서
네 생각이 났어
생각이 나서 그래서
그랬던거지
별 의미 없지
오늘은 오랜만에
네 생각을 하는 날이야
일부러 난 너와 내가
담겨 있는 노랠 찾아
오늘은 슬프거나
우울해도 괜찮은 맘이야
어차피 이 밤이
다 지나가면은 별 수도 없이
난 또 한 동안은 널 잊고 살테니까
내 가슴 속에만
품고 살아갈테니까
비도 오고 그래서
네 생각이 났어
생각이 나서 그래서
그랬던거지
별 의미 없지
우산 속에 숨어서
네 집을 지나쳐
그 날의 감정을
다시 느껴보고파서
떨어지는 빗물과
시계 초침 소리가
방 안 가득 채우면
그 때로 난 돌아가
차라리 난 이 비가
그치지 않았음 해
매일 기억 속에 살 수 있게
나 널 아프게 했던
못난 놈이니까
널 다시 품에 안을
자격도 없으니까
비도 오고 그래서
네 생각이 났어
생각이 나서 그래서
그랬던거지
별 의미 없지
우산 속에 숨어서
네 집을 지나쳐
그 날의 감정을
다시 느껴보고파서
우리에게 주어진 행복을
너무 빨리 쓴 것 같아
거기까지 인 것 같아
이 비가 그칠 땐 각자 있던 곳에서
다시 살아가야만 해
비도 오고 그래서
네 생각이 났어
생각이 나서 그래서
그랬던거지
별 의미 없지
우산 속에 숨어서
네 집을 지나쳐
그 날의 감정을
다시 느껴보고파서",2,행복,50.01%
519620,...사랑했잖아...,린,"나만 원한다 했던 말도
지켜준다던 약속들도
아무렇지 않은 표정으로
버리고 있잖아
너만 바라본 많은 날들
물거품이 돼버린 오늘
또 아무렇지 않게 웃고있을 너잖아
정말 좋았잖아 행복 했었잖아
가슴아픈 그런 일들도
견뎌냈던 우리잖아
제발 그러지마라 아직 사랑하는 날
너도 알고 있잖아
매일밤 울며 전화하는 날
낯설만큼 차가운 니 목소릴 들어도
바보처럼 난 너를 못잊어 이렇게
알면서도 시작한 만남
그녀에게 미안한 맘만
하루하루 지날수록 커진
내 헛된 욕심들
많이 부담스러웠겠지
니 자릴 찾으려 했겠지
난 알고 있었어
닫혀진 너의 마음을
정말 좋았잖아 행복 했었잖아
가슴아픈 그런 일들도
견뎌냈던 우리잖아
제발 그러지마라 아직 사랑하는 날
너도 알고 있잖아
매일밤 울며 전화하는 날
낯설만큼 차가운 니 목소릴 들어도
바보처럼 난 니가 행복하길 바래
다시 나에게 너라는 기회가 온다면
놓치지 않을텐데 니 손 꼭 잡을텐데
니가 원했던 만큼
많이 원했던 만큼
잘해주지 못한 날
미안해 용서해 이해해줘
끝까지 이기적인거
이것도 이해해줄래
바보같은 날 마지막까지
이렇게 마지막 까지 미안해",2,분노,50.42%
34927767,정이라고 하자 (Feat. 10CM),BIG Naughty (서동현),"Back to the day
갓 10대가 됐을 때
그때 내가 널 보지 못했다면
어땠을까 해
왜인지 외로워지는 밤에 You say
흐린 추억 속에 네게 안겨 잠드네
Yeah 친구들과의 술자리
나는 또 네 얘기를 꺼내
보고 싶다는 넋두리에
친구들 답은 뻔해
10년도 더 된 애를 사랑할 수 있냬
이제 그만 잊으래
근데 그게 잘 안돼
그래 걔 말마따나
넌 아담의 사과일 수도
But 난 신을 안 믿으니까
네 전화 바로 픽업
지금 주소 찍어
어디든 상관없어 다 갈 테니까
그건 사랑이 아냐
그건 미련이 아냐
그냥 정이라고 하자
임마 네가 뭘 알아
이건 사랑이 맞아
분명 약속했단 말이야
I know I’m wrong
그 자리에 그대로
두고 온 기억들을
더듬고 있을 때면
You say
그건 사랑이 아냐
그건 미련이 아냐
그냥 정리하고 가자
아메리카노보단 라떼를
맛있게 내리던 네 집 앞 카페를
매일 같이 갔었었던 그때를
내려줄게 쓰지 않아 이제는
넌 매일 밤 예뻐 예뻐
해주며 날 재워 재워
식어버린 널 데워 태워
꿈에서 날 깨워 줘
버려진 기억들 속에서
쓸만한 컷들을 찾고 있어
이미 내 곁에 더는 없는 너지만
난 너를 느낄 수 있어
닿을 듯 안 닿을 듯
떠나는 뒷모습이
왜인지 행복해 보여
너라도 행복해줘
그건 사랑이 아냐
그건 미련이 아냐
그냥 정이라고 하자
임마 네가 뭘 알아
이건 사랑이 맞아
분명 약속했단 말이야
I know I’m wrong
그 자리에 그대로
두고 온 기억들을
더듬고 있을 때면
You say
그건 사랑이 아냐
그건 미련이 아냐
그냥 정리하고 가자
그건 사랑이 아냐
그건 미련이 아냐
그냥 정이라고 하자
임마 네 말이 맞아
이건 사랑이 아냐
그냥 정리하고 가자",2,행복,51.21%
31853557,오늘도 빛나는 너에게 (To You My Light) (Feat.이라온),마크툽 (MAKTUB),"별빛이 내린 밤
그 풍경 속 너와 나
날 새롭게 하는
따뜻하게 만드는
니 눈빛 니 미소
영원히 담아둘게
너로 가득한 맘
널 닮아가는 나
날 위한 선물
꿈보다 더 아름다운
서로의 품에서
끝 없는 밤을 걷자
나의 모든 날들을 다 주고싶어
내 이 맘을 모두 전하고 싶어
잠들지 못한
푸른 바람들
이렇게 밝게 이 밤을 비춰
너와 작은 일상을 함께 하는게
내 가장 큰 기쁨인걸 넌 알까
내 세상 속에
넌 빛이 되어
지금 모습 그대로 내 곁에만
행복이 짙은 날
어둠이 없는 밤
같은 맘 속에
같은 꿈이 피어난 건
우리의 정해진
운명이 맞닿은거야
나의 모든 날들을 다 주고싶어
내 이 맘을 모두 전하고 싶어
잠들지 못한
푸른 바람들
이렇게 밝게 이 밤을 비춰
너와 작은 일상을 함께 하는게
내 가장 큰 기쁨인걸 넌 알까
내 세상 속에
넌 빛이 되어
지금 모습 그대로 내 곁에만
내게 온 너란 빛이 눈 부셔도
네 앞에서 한 순간도 눈 감지 않아
다가올 시간도
계절의 바람도
널 데려가지 못하게
내가 더 좋은 사람이 되고 싶어
더 아름답게 널 안을 수 있게
잠들지 못한
잠들 수 없는
바람들이 널 부르고 있어
언제까지나 너와 함께 할거야
내 마지막 숨결도 너일거야
내 세상 속에
넌 빛이 되어
지금 모습 그대로 내 곁에만
이렇게 밝게 이 밤을 비춰",2,분노,50.64%
30732377,Boat,죠지,"I'm on a boat
눈에 보이는 사방이 바다야
갓 잡아 올린 생선을 회 쳐서 먹어
I'm on a boat
멀어지는 도시
We're going on
어딘가로 멀리멀리
I'm on a boat
내가 원했던 건 그게 전부야
흘러가는 파도와 내 흔들리는 보트
I'm on a boat
멀어지는 도시
We're going on
어딘가로 멀리멀리
지는 해를 바라보면서
잠들 수 있는 낙이 필요해
떠나지 말란 법은 없지만
두고 가야 할 게 많아 겁이 나는걸
가끔은 한심한 꿈들이 필요해
but 나를 바라보는 눈이 너무 많아
저 멀리 갈 수 있는 배가 필요해
내 삶은 파도 따라서 흘러가야돼
I'm on a boat
눈에 보이는 사방이 바다야
갓 잡아 올린 생선을 회 쳐서 먹어
I'm on a boat
멀어지는 도시
We're going on
어딘가로 멀리멀리
I'm on a boat
내가 원했던 건 그게 전부야
흘러가는 파도와 내 흔들리는 보트
I'm on a boat
멀어지는 도시
We're going on
어딘가로 멀리멀리
지금은 꽤나 멀리 온 듯해
생각했던 모습과는 조금 달라도
괜찮아 이건 모두 내가 바랬던
이상의 일부야
이 정돈 감수해야지 이이 예에에
큰 파도가 날 덮칠 수도 있지만
뜻밖의 사고가 날 수도 있지만
I'll be ok
난 내 삶에 만족해
날 향한 걱정과 우려는 필요 없어
I'm on a boat
눈에 보이는 사방이 바다야
갓 잡아 올린 생선을 회 쳐서 먹어
I'm on a boat
멀어지는 도시
We're going on
어딘가로 멀리멀리
I'm on a boat
내가 원했던 건 그게 전부야
흘러가는 파도와 내 흔들리는 보트
I'm on a boat
멀어지는 도시
We're going on
어딘가로 멀리멀리
I'm on a boat
눈에 보이는 사방이 바다야
갓 잡아 올린 생선을 회 쳐서 먹어
I'm on a boat
멀어지는 도시
We're going on
어딘가로 멀리멀리
I'm on a boat
내가 원했던 건 그게 전부야
흘러가는 파도와 내 흔들리는 보트
I'm on a boat
멀어지는 도시
We're going on
어딘가로 멀리멀리",2,행복,51.75%
37674108,여름이잖아 (Feat. 마크 of NCT),BIG Naughty (서동현),"여름이잖아
빨리 챙겨 나와
밤마다
노래와 춤 깔아
오늘 밤만
나와 잘못돼도
괜찮아
오늘만 끝까지
사랑하지 말라고 해도
사람 말 무시하고 그냥 Let go
괜찮아
나잖아
여름이잖아
빨리 가방 챙겨 나와 Let’s go
Back in the days
I think I was a little crazy
19살 때부터 나는 계절이 하나였지
여름이 오는지 왔다가 또 갔는지
억울해 갑자기 열심히 산 게 왜 죄인지
반바지 하나에
반팔 티 하나
뭔 말이 많아
한 시간 반이면 밟아
서울특별시에 Bye Bye Bye
뭘 중얼대 또 그냥 나와
알아 아는데
알긴 아는데
아니 오늘 날씨 좋은 거 누가 모른대
덥고 짜증나 귀찮아
아냐 네 말이 맞아
웃자 웃어 어차피
뭐 한번 살다 가는데
사랑한다는 말 하기에도 짧은데
화내고 욕하고 욱해서 뭐 해
그래서 어딘데
나갈게 대신 삐지기 없기야
봄도 가을도 겨울도 아니고
여름이잖아
빨리 챙겨 나와
밤마다
노래와 춤 깔아
오늘 밤만
나와 잘못돼도
괜찮아
오늘만 끝까지
사랑하지 말라고 해도
사람 말 무시하고 그냥 Let go
괜찮아
나잖아
여름이잖아
빨리 가방 챙겨 나와 Let’s go
Yeah
2024의 해가 내가 된 마냥 여름이 된 줄도 모르고
I’ve been working all the time
저 태양이 오르락내리락하는 기분도 괜히 알 것만 같고
Born to be a summer boy, but I’m lost
본질부터 다시 되찾아
아직도 여름이 대수인가요
여행 가는 법을 까먹었어 나
에어컨 바람 플러스 실내조명 섭취
작업실 안에 타는 열정, 발라 선스크린
펌핑이 되고 있어 앨범 작업 정신
Comfy 추구하기보단 Listen God’s needs
Rem 수면에서 일어날 준비하지 곧
항해할 거라고 배에 태워 Fan도
But 지금은 동현이 얘기 들을 때야
봄도 가을도 겨울도 아니고
여름이잖아
빨리 챙겨 나와
밤마다
노래와 춤 깔아
오늘 밤만
나와 잘못돼도
괜찮아
오늘만 끝까지
사랑하지 말라고 해도
사람 말 무시하고 그냥 Let go
괜찮아
나잖아
여름이잖아
빨리 가방 챙겨 나와 Let’s go",2,분노,51.45%
30049271,"All I Wanna Do (K) (Feat. Hoody, Loco)",박재범,"Girl 말해줘 네 마음 바로 지금
Baby 같이 올라가자 하늘 위로
All I wanna do is kick it with you
너의 몸매 그린 것만 같아 미술
오늘 의상처럼 네 마음도 씨쓰루
All I wanna do is kick it with you
Girl 뭐가 중요한지
baby 바로 말해줄게
나 지금 5천만원짜리 시계 찼지만
나는 너를 훨씬 아끼지 babe
네가 원한다면 안 찰게
허세 따위는 안 통하니까
넌 정말 신기한 여자
나를 노력하게 만드니까
baby oh yeah
우리 둘의 밤을 상상했어
girl all night
몸에 타투를 보여줘
If it's alright
Girl 말해줘 네 마음 바로 지금
Baby 같이 올라가자 하늘 위로
All I wanna do is kick it with you
너의 몸매 그린 것만 같아 미술
오늘 의상처럼 네 마음도 씨쓰루
All I wanna do is kick it with you
어떡해 내 맘에 네가 들어오려 해
쉽게 빠질까 봐 위험해 보여
조심하려 할 때
움직여지지 않아
날 보는 네 시선이 내 몸을 감아
하나로 얽혀 너와 나
이제부턴 아무도 풀지 못해
뻔하지 않게 우연같이 만나 baby
서로에게 녹아들어
오늘밤 우리 기분은 저 하늘 구름 위
네 몸에 타투를 보여줘
이미 내 맘은 준비되어있어
Boy 말할게 내 마음 바로 지금
그래 같이 올라가자 하늘 위로
All I wanna do is kick it with you
네가 원한대로 내 대답은 Me too
이제부터 널 부르게 해줘 My boo
All I wanna do is kick it with you
내가 하고 싶은 모든 것 뒤엔
너와 함께 가 생략 되어 있지
요즘 인기 많은
교포오빠들과는 달라
김치 향기가 배어있지
덕분에 난 몰아 호랑이
택 달린 옷은 방에 쌓여가고 있어
밤에 입어 편하게
이젠 너는 나 나는 너로 구분 짓고
ALL I WANNA DO 라고 말해 편하게
너의 옆자리를 상상할 거고
그곳에는 내가 있게 될 거야
그리고 너에 대해 장담하건대
뭐든 할 수 있을 거라고 믿게 될 거야
Girl 말해줘 네 마음 바로 지금
Baby 같이 올라가자 하늘 위로
All I wanna do is kick it with you
너의 몸매 그린 것만 같아 미술
오늘 의상처럼 네 마음도 씨쓰루
All I wanna do is kick it with you",2,행복,50.62%
32243273,Square (2017),백예린 (Yerin Baek),"All the colors and personalities
모든 색깔과 성격들
you can’t see right through what I truly am
그것들 사이로는 내가 정말 어떤 사람인지 볼 수 없어
you’re hurting me without noticing
넌 예고도 없이 나에게 상처를 주고
I’m so, so broke like someone just robbed me
누가 날 털어간 것 마냥 부서진 것 같아
I’m no invincible
난 강한 사람이 아니야
I have much memories of getting more weaker
난 점점 약해져가는 기억들이 훨씬 많은 걸
I know I’m not loveable
나도 내가 사랑받을 수 없는 거 알아
but you know what you’d have to say
그래도 네가 어떤 말을 해줘야 하는지 알지?
“Come on let’s go to bed
“나와 같이 침대로 가자
we gonna rock the night away
우린 이 밤을 신나게 보낼 거야
who did that to you, babe
누가 너에게 그런 짓을 한 거야
If you’re not in the right mood to sleep now then,
네가 당장 잠들 수 있는 기분이 아니라면
Come on, let’s drink and have very unmanageable day
나와서 나랑 한잔하고, 감당하기 힘든 하루를 보내자!
would you want me in bae
내가 거기 있길 바라?
If you’re not in the right mood to sleep now then
네가 당장 잠들 수 있는 기분이 아니라면
come take my arms and go
나와 함께 가자!
I’II be yours for sure”
내가 너의 것이 되어줄게!”
All the traces and reminiscences
모든 흔적들과 과거를 회상하는 일들
You can’t sense right through how I truly was
그 사이로는 내가 정말 어땠는지 느낄 수 없을 거야
You were gripping me without noticing
넌 날 예고도 없이 끌어당겼고
Was so, so strange like Someone never loved me
마치 누가 날 사랑한 적이 없는 것처럼 정말 낯설었어
I’m no invincible
난 강한 사람이 아니야
I have much memories of getting more weaker
난 점점 약해져가는 기억들이 훨씬 많은 걸
I know I’m not loveable
나도 내가 사랑받을 수 없는 거 알아
but you know what you’d have to say
그래도 네가 어떤 말을 해줘야 하는지 알지?
“Come on let’s go to bed
“나와 같이 침대로 가자
we gonna rock the night away!
우린 이 밤을 신나게 보낼거야
who did that to you, babe
누가 너에게 그런 짓을 한거야
If you’re not in the right mood to sleep now then,
네가 당장 잠들 수 있는 기분이 아니라면
Come on, let’s drink and have very unmanageable day
나와서 나랑 마시고, 감당하기 힘든 하루를 보내자
would you want me, in bae
내가 거기 있길 바라?
If you’re not in the right mood to sleep now then
네가 당장 잠들 수 있는 기분이 아니라면
come take my arms and go
나와 함께 가자
I’ll be yours for sure”
내가 너의 것이 되어줄게”
You’re the only one, who saw my yesterday
너는 내 어제를 본 유일한 사람이야
the one who knows I’m here alive today
여기, 오늘 내가 살아있다는 걸 아는 사람이고
Comfort me say, what I’m meant to you
날 위로해줘, 내가 너에게 어떤 뜻인지 말해줘
you should know what you have to say
네가 뭐라고 해야 하는지 알아야 해
“Come on let’s go to bed
“나와 같이 침대로 가자
we gonna rock the night away
우린 이 밤을 신나게 보낼 거야
who did that to you, babe
누가 너에게 그런 짓을 한거야
If you’re not in the right mood to sleep now then,
네가 당장 잠들 수 있는 기분이 아니라면
Come on, let’s drink and have very unmanageable day
나와서 나랑 마시고, 감당하기 힘든 하루를 보내자
would you want me in, bae
내가 거기 있길 바라?
If you’re not in the right mood to sleep now then
네가 당장 잠들 수 있는 기분이 아니라면
come, take my arms and go
나와 함께 가자
I’ll be yours for sure”
내가 너의 것이 되어줄게”",2,행복,52.55%
8233373,Bye bye my blue,백예린 (Yerin Baek),"난 왜 니가 가진 것들을
부러워하는 걸까
감당하지도 못할 것들을
손에 꼭 쥐고서
여기서 무얼 얼만큼 더
나아지고픈 걸까
너도 똑같은 거 다 아는데
내가 이기적인 걸까
많이 가져도 난 아직 너 같진 않아
아픈 기억들 위로
매일 혼자 걸어 난
아플걸 알아도
자꾸 마음이 가나 봐
그래서 자꾸 네게 욕심을 내나 봐
나의 나의 나의 그대여
이름만 불러봐도 맘이 벅차요
난 더욱 더욱 더욱 크게 되어
널 가득 안고 싶고 그래요
하고 싶은 말을 하는 게 불안해서
너를 밀어내고서
불편하게 만들어
듣고 싶은 말이 너무나 많은데도
바라지를 못하고
마음 아프게 기다려
나의 나의 나의 그대여
이름만 불러봐도 맘이 벅차요
난 더욱 더욱 더욱 크게 되어
널 가득 안고 싶고 그래요",2,행복,50.28%
35018129,Vancouver,BIG Naughty (서동현),"It’s been 6 years and 100+ days
Since you left here
I’m getting paranoia
‘Cause you’re still here
Always in my voice
Yeah I’m on tour
Following your voice
It’s been 6 years and 100+ days
Since you left here
I’m getting paranoia
‘Cause you’re still here
Always in my noise
Yeah I’m on tour
Following your voice
어떤 가사를 쓰건
결국 네 얘기를 쓰게 돼
어떤 친구를 만나도
네 생각에 엉망이 돼
네가 없는 서울의 밤거리를 걸을 때
너는 잠에서 지금 막 깼거니 해
가끔은 네가 너무 그리울 때
연락을 했다가도 지우는 게
맞겠거니 해
어쩌면 오지랖일 수도
있겠다 싶어
보냈던 카톡을 지워
그냥 잘 살겠거니 해
하다가도 항상
이상하게 밝은 네가
You 보단 Would you가
아직 익숙한 내가
행복했음 해
‘Cause I’ll be your best friend
Maybe boy whatever
Forever and never
울어도 돼 힘들어도 돼 기대도 돼
잘 못해도 돼 포기해도 돼
보기 좋게 안 꾸며도 돼
Just be yourself
있는 그대로
네 모습 그대로
Vancouver
네가 있는 곳으로 I’ll move on
Yellow cab plane bus or Uber
비행기가 안 뜨면 I’ll scuba dive
Vancouver
네가 있는 곳으로 I’ll move on
Yellow cab plane bus or Uber
비행기가 안 뜨면 I’ll scuba dive
여기까지가 네 생일날
보냈던 가사들이고 지금부터가
진짜 나의 마음이고 그냥 노래가
좋아서 내는 거니까
의미부여 하지마
고민하다가 지웠다던 그 카톡
사실 보냈었어
근데 답장하더라고 딴 사람이
그리고 바뀐 너의
프로필 속 그 사람이
그 사람이겠거니 하며
내 마음속엔 구름이
아마 그때부터였던 것 같아
너에 대한 내 집착이
심해져 갈 때마다
온 너의 연락 한 통이
나를 얼마나 미치게 했는지
너는 절대로 절대로
절대로 절대로
절대로 모를 거야
거짓말도 했어
인터뷰에서
혹시라도 네가
내 노래를 들을까 해서
네가 좋아하던
가수 제목 그대로 했어
난 네가 있던 시간에
혼자 남기로 했어
Vancouver
네가 있는 곳으로 I’ll move on
Yellow cab plane bus or Uber
비행기가 안 뜨면 I’ll scuba dive
Vancouver
네가 있는 곳으로 I’ll move on
Yellow cab plane bus or Uber
비행기가 안 뜨면 I’ll scuba dive
It’s been 6 years and 100+ days
Since you left here
I’m getting paranoia
‘Cause you’re still here
Always in my voice
Yeah I’m on tour
Following your voice
It’s been 6 years and 100+ days
Since you left here
I’m getting paranoia
‘Cause you’re still here
Always in my noise
Yeah I’m on tour
Following your voice",2,행복,50.20%
36581408,Still With You,정국,"날 스치는 그대의 옅은 그 목소리
내 이름을 한 번만 더 불러주세요
얼어버린 노을 아래 멈춰 서있지만
그대 향해 한 걸음씩 걸어갈래요
Still With You
어두운 방 조명 하나 없이
익숙해지면 안 되는데
그게 또 익숙해
나지막이 들리는
이 에어컨 소리
이거라도 없으면
나 정말 무너질 것 같아
함께 웃고 함께 울고
이 단순한 감정들이
내겐 전부였나 봐
언제쯤일까
다시 그댈 마주한다면
눈을 보고 말할래요
보고 싶었어요
황홀했던 기억 속에
나 홀로 춤을 춰도 비가 내리잖아
이 안개가 걷힐 때쯤
젖은 발로 달려갈게
그때 날 안아줘
저 달이 외로워 보여서
밤하늘에 환하게 울고 있는 것 같아서
언젠가 아침이 오는 걸 알면서도
별처럼 너의 하늘에 머물고 싶었어
하루를 그 순간을
이렇게 될 걸 알았다면
더 담아뒀을 텐데
언제쯤일까
다시 그댈 마주한다면
눈을 보고 말할래요
보고 싶었어요
황홀했던 기억 속에
나 홀로 춤을 춰도 비가 내리잖아
이 안개가 걷힐 때쯤
젖은 발로 달려갈게
그때 날 잡아줘
날 바라보는 희미한 미소 뒤편에
아름다운 보랏빛을 그려볼래요
서로 발걸음이 안 맞을 수도 있지만
그대와 함께 이 길을 걷고 싶어요
Still With You",2,분노,50.37%
37125843,"Yes or No (Feat. 허윤진 of LE SSERAFIM, Crush)",그루비룸 (GroovyRoom),"What’s on your mind
넌 이미 알고 있잖아
궁금해 난
정말 뭔지 너의 맘이
Baby don’t smile
더 기다리기 지쳐 난
Look at my eyes
(Ha) 지금이잖아 타이밍
Feel yourself, and free yourself
(If you) feel me
말해줄래 Yes or No
Feel yourself, and free yourself
(If you) feel me
말해줄게 Yes or No
Do you wanna ride or die with me
어딜 가든지 따라와 줄 거야?
아니면서 계속 맴돌지
자꾸 내 주위를 좁혀가 우리 사이
I’ve never been the one to plead 'cause boys are cheap
차라리 끝내자
But I know 결국 다시 back on repeat
처음부터 달랐어 불길하게 달콤한 느낌
이미 난 흔들렸어
내 맘대로 되는 게 없어서 싫은데 좋아
So love, so pain
What’s on your mind
넌 이미 알고 있잖아
궁금해 난
정말 뭔지 너의 맘이
Baby don’t smile
더 기다리기 지쳐 난
Look at my eyes
(Ha) 지금이잖아 타이밍
Feel yourself, and free yourself
(If you) feel me
말해줄래 Yes or No
Feel yourself, and free yourself
(If you) feel me
말해줄게 Yes or No
이런 사이는 Not my taste
애매하게 흘리는 Night and day
Don't play with me 넌 알고 있잖니
어서 빨리 Oh just let me know
What’s on your mind
전부 알고 싶어 난
언제까지 이렇게 날
애태울 셈이야
지금이야 순간 It’s time to decide
I can't wait no more
다시 반복해 또
What’s on your mind
넌 이미 알고 있잖아
궁금해 난
정말 뭔지 너의 맘이
Baby don’t smile
더 기다리기 지쳐 난
Look at my eyes
(Ha) 지금이잖아 타이밍
Feel yourself, and free yourself
(If you) feel me
말해줄래 Yes or No
Feel yourself, and free yourself
(If you) feel me
말해줄게 Yes or No",2,행복,51.95%
8235260,비,폴킴,"비가 내리다 말다
우산을 챙길까 말까
tv엔 맑음이라던데
네 마음도 헷갈리나봐
비가 또 내리다 말다
하늘도 우울한가봐
비가 그치고나면
이번엔 내가 울것만같아
Strumming down to my memories
지직거리는 라디오에선
또 뻔한 love song
잊고있던 아픈 설레임
널 생각나게해
우리 걷던 이길위에
흘러나오던 멜로디
흥얼거렸었지 넌 어디있니
하늘은 이렇게 맑은데
비에 젖은 내 마음을
따뜻하게도 비춰주던 너는
나에게 햇살같아
그런널 왜 난 보냈을까
Good bye
So hard to lose but easy to repeat
푹 숙인 얼굴 날 알아봤을까
I'm losing my breathe
잊고 싶던 아픈 기억들
날 더 힘들게해
시간가는 줄도 모르고
나눴던 수많은 밤과 사랑노래
꿈보다 달콤했지
쉽게 포기한건아닌지
우연히널 마주친 순간
내 마음 들킬까봐 뒤돌아섰어
널 잡았다면
그런 널 왜 난 보냈을까
우리 걷던 이길위에
흘러나오던 멜로디
흥얼거렸었지 넌 어디있니
하늘은 이렇게 맑은데
비에 젖은 내 마음을
따뜻하게도 비춰주던 너는
나에게 햇살같아
그런널 왜 난 보냈을까
Good bye",2,분노,51.11%
33978183,너를 생각해,주시크 (Joosiq),"너를 들려주고 싶었어
이 노랠 만들 때
아마 니가 정말 많이 좋아할꺼야
이젠 내겐 니가 없어서
나 혼자 불러도
혹시 듣게 되면 그게 니 얘기라고
난 노랠 만들 땐
늘 너를 생각해
어딘가 혼자 진지한 표정
고개를 끄덕거리고 나선
항상 흥얼거리며 따라 불렀어
나를 보며 신나있던 너에게
불러주고 싶던 노래를
왜 이제야 겨우 완성했을까
이 노랜 널 사랑한다는 내 얘기가
잔뜩 들어갔어야 하는 노랜데
너를 들려주고 싶었어
이 노랠 만들 때
아마 니가 정말 많이 좋아할꺼야
이젠 내겐 니가 없어서
나 혼자 불러도
혹시 듣게 되면 그게 니 얘기라고
니가 자주 가곤했던 카페에
이 노래가 나올 때까지
니 친구가 따라 부를 때까지
이 노랠 유명해지게 계속 불러서
나는 너에게로 꼭 닿고 말거야
너를 들려주고 싶었어
이 노랠 만들때
아마 니가 정말 많이 좋아할꺼야
이젠 내겐 니가 없어서
나 혼자 불러도
혹시 듣게 되면 그게 니 얘기라고
너를 사랑할땐 몰랐던
바보라 미안해
아마 이걸 듣고 너는 원망하겠지
이젠 내가 많이 잘할게
너 혼자 울지마
혹시 듣게 되면 아직 너뿐이라고",2,분노,51.36%
31893681,괜찮아도 괜찮아 (That's okay),도경수(D.O.),"숱하게 스쳐간
감정들에 무뎌지는 감각
언제부턴가 익숙해져버린
마음을 숨기는 법들
난 어디쯤에 와 있나
앞만 보고 달려오기만 했던
돌아보는 것도 왠지 겁이 나
미뤄둔 얘기들
시간이 가듯 내 안엔
행복했었던 때론
가슴이 저릴 만큼 눈물겨운 날도
매일 같이 뜨고 지는 태양과
저 달처럼 자연스레 보내
때론 울고 때론 웃고
기대하고 아파하지
다시 설레고 무뎌지고
마음이 가는 대로 있는 그대로
수많은 별이 그랬듯이
언제나 같은 자리
제 몫의 빛으로 환하게 비출 테니
숨기지 말고 너를 보여줄래 편히
네 모습 그대로
그래 괜찮아 괜찮아도
오늘 난 처음으로
솔직한 내 마음을 마주해
거울 앞에 서는 것도 머뭇대
이 표정은 또 왜 이리도 어색해
아름다운 건 늘 소중하고
잠시 머물다 아득히 멀어져도
늘 마주 보듯 평범한
일상을 채울 마음의 눈
그 안에 감춰둔 외로움도
잠시 머물 수 있게 해
그저 바라봐
부드러운 바람이 불면
마음을 열어 지나갈 하루야
때론 울고 때론 웃고
기대하고 아파하지
다시 설레고 무뎌지고
마음이 가는 대로 있는 그대로
수많은 별이 그랬듯이
언제나 같은 자리
제 몫의 빛으로 환하게 비출 테니
숨기지 말고 너를 보여줄래 편히
네 모습 그대로
그래 괜찮아 괜찮아도
두 손에 가득 채워질 추억들은
소중한 우리 이야기
진심이 담긴 마음이
시간이 지나 다시 기억할 수 있다면
말할 수 있을까
너도 행복했다고
너와 울고 같이 웃고
기대하고 아파했지
모든 걸 쏟고 사랑하고
마음이 가는 대로 있는 그대로
말하지 못할 고민거리
깊게 상처 난 자리
늘 같은 속도로 흘러가는 시간이
언제나 그랬듯이 씻어내줄 테니
흐르듯 살아도 그냥 괜찮아 괜찮아도",2,분노,52.19%
36824901,Either Way,IVE (아이브),"누가 내 말투가 재수없대
잘난 척만 한대
또 누구는 내가 너무 착하대
바보같을 정도래
가끔은 이해조차 안 되는 시선들
억울하기도 하지만
오해가 만든 수많은 나와 얘기해
우리 모두 다 ‘나’야
Either way, I’m good
전부 좋다구
누가 맞고 틀린 게 아닌 걸
모두 다르게 사랑하듯
Either way, I’m good
Either way
내게는 언니같은 친구인데
어리광이 심하대
털털한 줄 알았던 저 아이는
마음이 넘 약한 걸
쟤 I 라서 그래 넌 E 라서 그래
됐고 그냥 V 나 하자
Either way, you’re good
전부 좋다구
누가 맞고 틀린 게 아닌 걸
모두 다르게 사랑하듯
Either way, you’re good
Either way
I, I, I 또다른 나
나, 나, 나
누가 맞고 틀린 게 아닌 걸
모두 다르게 살아가 듯
전부 좋다구
사랑과 미움
모두 다 가지면 되는 거야
하나만 고를 필요 없는 거야
Either way, we’re good
웃어주자구 우후후
이렇게",2,행복,50.05%
36545875,Sugarcoat (NATTY Solo),KISS OF LIFE,"늘 뻔한 Recipe 착한 아이처럼
반듯한 A to Z 기대 마 넌 Never
It just a puzzle piece yeah
멋대로 판단한 내 모습이
전부일 리 없잖니
So 드러낸 적 없던 맘이
솔직하게 빛난 Party
맛볼수록 Taste so good
하나부터 열까지 다
사랑받지 못한대도
싫지 않아 I love me
Sugarcoat 따윈 벗어던진
날 네가 뭐라든지
Just move, 내 맘대로
날 위한 춤을 추지
Don’t sugarcoat me babe
Complex is over-rated
투명한 저 달빛이
쏟아져 더 자유로이
In the dark 어둠 속에서 더
유난히 선명한 소리를 따라 걸어
더 깊이 간직한 판도라 상자 속의 내 모습이
더는 두렵지 않은 Tonight
So 가슴에만 묻던 말이
하얀 나비처럼 Flying
놀랍도록 Feel so good
솔직한 내 모습까진
이해받지 못한대도
괜찮아 난 I love me
Sugarcoat 따윈 벗어던진
날 네가 뭐라든지
Just move, 내 맘대로
날 위한 춤을 추지
Don’t sugarcoat me babe
Complex is over-rated
투명한 저 달빛이
쏟아져 더 자유로이
Oh 거울 속에 가둬 둔
진짜 나답게 이젠 I wanna do
항상 바라왔던 Change coming soon
You know what
짜릿한 해방감 속
만나게 될 모든 날
사랑할 수밖에 없을 테니 It’s alright
Sugarcoat 따윈 필요 없지
난 그냥 나일 테니
Just move, 바란 대로
더 멋진 춤을 추지
Don’t sugarcoat me babe
Complex is over-rated
난 올라 좀 더 높이
누구보다 빛날 테니
Don’t sugarcoat me babe
날 네가 뭐라든지
Just move, 내 맘대로
날 위한 춤을 추지
Don’t sugarcoat me babe
Complex is over-rated
투명한 저 달빛이
쏟아져 더 자유로이",2,행복,51.42%
3910821,바람기억,나얼,"바람 불어와 내 맘 흔들면
지나간 세월에
두 눈을 감아본다
나를 스치는 고요한 떨림
그 작은 소리에
난 귀를 기울여 본다
내 안에 숨쉬는
커버린 삶의 조각들이
날 부딪혀 지날 때
그 곳을 바라보리라
우리의 믿음
우리의 사랑
그 영원한 약속들을
나 추억한다면 힘차게 걸으리라
우리의 만남
우리의 이별
그 바래진 기억에
나 사랑했다면 미소를 띄우리라
내 안에 있는
모자란 삶의 기억들이
날 부딪혀 지날 때
그 곳을 바라보리라
우리의 믿음
우리의 사랑
그 영원한 약속들을
나 추억한다면 힘차게 걸으리라
우리의 만남
우리의 이별
그 바래진 기억에
나 사랑했다면 미소를 띄우리라",2,행복,52.22%
36416116,Thirsty,aespa,"Yeah Yeah
난 또 너를 두드리고 있어
반짝이는 수면 위를 매일
잔잔하게 일렁이는 Sign
날 (봐)
알 수 없는 너를 가만 보면
깊은 그 눈빛이 궁금해지면
괜히 거친 바람처럼 난
너를 헤집어
알아 하루 종일
넌 비춰 빠짐없이
내 어떤 날씨까지 Oh
맑게 개다 흐려도 Ah-Ah
웃는 너는 Ah-Ah
So tell me,
What you wanna wanna do boy?
너는 닿을수록 Thirsty
분명 가득한데 Thirsty
Yeah, I got you boy
Sip sip sipping all night
더 Deep deep deep in all night
얕은 수면보다 훨씬
짙은 너의 맘 끝까지
알고 싶어져
Sip sip sipping all night
더 Deep deep deep in all night
맘이 커질수록 Thirsty
Tell me, Tell me
느껴 너의 눈빛 향기
Feel so good
Can't nobody ever stop me
순간 세상이 멈춘 것 같이
머리에 Ding
물결처럼 어질어질
넌 어때 웃지 말고
Uh 가만 보지 말고
인정해 봐 Real
지금 Boom boom trigger
I 자꾸 심술 나 왠지 I
부푼 맘이 난 가끔 Ah-Ah
미울 만큼 Ah-Ah
So tell me,
What you wanna wanna do boy?
너는 닿을수록 Thirsty
분명 가득한데 Thirsty
Yeah, I got you boy
Sip sip sipping all night
더 Deep deep deep in all night
얕은 수면보다 훨씬
짙은 너의 맘 끝까지
알고 싶어져
Sip sip sipping all night
더 Deep deep deep in all night
맘이 커질수록 Thirsty
조급한 생각은 No No
이건 또 너를 위한 감정인 거야
Sip sip sip sip
그래서 난
Sip sip sip
So thirsty thirsty thirsty
Talking ‘bout it, Talking ‘bout it
솔직하게 전부
수면 깊이 감춰 놓은
네 맘으로 적셔 날
네 눈 속에 내가 좋아
그래 계속 욕심이 나
당연한 걸 너도 아마
Don’t cha Don’t cha Don’t cha
Don't you baby
괜한 투정처럼 Thirsty
아니 사실인 걸 Thirsty
Yeah, I got you boy
Sip sip sipping all night
더 Deep deep deep in all night
여린 물결보다 고이
너의 맘을 어루만질
준비돼 있어
Sip sip sipping all night
더 Deep deep deep in all night
그래 너만 보면 Thirsty
Woah (I'll make you)
Woah (I'll make you)
Woah
Woah Baby
그래 너에게만 Thirsty",2,분노,50.84%
37426262,By Your Side,Crush,"all around you
이대로 시간이 멈췄으면 해
close to my heart
think about you
어두운 밤 속에 홀로 있을때
light me up like the stars
do you know how i'm feeling?
what you mean to me
i'll lend you my shoulders to lean on
promise i'm gonna be there
as long as you need
yes i'll do anything for you
you light up my life
with your smile
so tell me you want me
when you get lonely
remember to call me every time
cause you are the only
exception i find
and no matter where you are
always be by your side
all about you
내 머릿속에 가득한 melodies
never stop oh
너에게 닿길 바래
i'll sing it for you till the end
if you stay next to me
you know how i'm feeling?
what you mean to me
i'll lend you my shoulders to lean on
promise i'm gonna be there
as long as you need
just to see your smile
so tell me you want me
when you get lonely
remember to call me every time
cause you are the only
exception i find
and no matter where you are
always be by your side nah
always be by your side nah
always be by your side
언제나 널 안아줄게
there's nobody else besides you
내 마음을 알게 될거야
hope you feel my love
so tell me you want me
when you get lonely
remember to call me every time
cause you are the only
exception i find
and no matter where you are
always be by your side nah
always be by your side nah
always be by your side",2,행복,51.73%
37373809,LIKE THAT,BABYMONSTER,"I see that look upon your face
Something my mind cannot erase
If we keep staring
Then I might have to
Might have to start to walk your way
I wanna hear what you would say
You got high standards
And I do too
Cause all those girls
(They don’t)
Know what you need
(They don’t)
But I know I know
The way the way
To make to make sure you never leave
If I come close baby would you like that
If I give some would you give it right back
If I show you that I know where it’s at
Baby would you like that
Baby would you like that
Say you want love boy I know what that means
Make you feel way better than in your dreams
If I show you that I know where it’s at
Baby would you like that
Baby would you like that
Yo it’s like that like that
How you run it right back
know you on the right track
Queen ace blackjack
I be thinking way too much
I need to let it go
You be running through my mind
And I’mma let it show
Cause ain’t nobody stepping up to me
And saying nothing when I calling you
Be running eye to eye we never fronting yeah
We zoning bet we stunting on and on and on and
To the top baby boy we be rolling
Cause all those girls
(They don’t)
Know what you need
(They don’t)
But I know I know
The way the way
To make to make sure you never leave
If I come close baby would you like that
If I give some would you give it right back
If I show you that I know where it’s at
Baby would you like that
Baby would you like that
Say you want love boy I know what that means
Make you feel way better than in your dreams
If I show you that I know where it’s at
Baby would you like that
Baby would you like that
I want you
In my arms
In my arms
My arms
That’s where you need to be
In my arms
In my arms
My arms
That’s where you need to be
Ah ah ah ah
But I know I know
The way the way
To make to make sure you never leave
If I come close baby would you like that
If I give some would you give it right back
If I show you that I know where it’s at
Baby would you like that
Baby would you like that
Say you want love boy I know what that means
Make you feel way better than in your dreams
If I show you that I know where it’s at
Baby would you like that
Baby would you like that
If I come close baby would you like that
If I give some would you give it right back
If I show you that I know where it’s at
Baby would you like that
Baby would you like that
Say you want love boy I know what that means
Make you feel way better than in your dreams
If I show you that I know where it’s at
Baby would you like that
Baby would you like that",0,행복,51.65%
36365073,빛이 나는 너에게,던 (DAWN),"그때 널 만나지 않았더라면
지금의 우린 어디에 있을까
가장 예쁠 때의 너를 만나서
누가 뭐라 해도 뭐든 견딜 수가 있었어
빛이 나는 널 위해 많은 걸
놓아야만 한대도
괜찮아 난
알잖아 넌 내 전부였던 걸
날 잊어버릴 만큼 행복했어
괜찮아 내 모든 걸 잃어도
눈부시게 빛나는 널 볼 수만 있다면
봄날처럼 아름다웠어
너와 나는 한 폭의 그림처럼
돌이킬 수 없는 시간
새겨진 한 장면 속에
그림자조차 눈부셨으니까
빛이 났던 우리의 기억이
점점 사라진대도
괜찮아 난
알잖아 넌 내 전부였던 걸
날 잊어버릴 만큼 행복했어
괜찮아 내 모든 걸 잃어도
눈부시게 빛나는 널 볼 수만 있다면
깜깜했던 어둠 속
환하게 날 비추던 네가 보여
그 끝에 널 만났어
아무렇지 않은 듯
괜찮아 난
고마워 네가 전부였던 건
세상을 가진 만큼 행복했어
괜찮아 내 모든 걸 잃어도
눈부시게 빛나는 널 볼 수만 있다면",2,분노,50.44%
30157753,Beautiful,Crush,"it`s a beautiful life
난 너의 곁에 있을게
it`s a beautiful life
너의 뒤에 서 있을게
beautiful love
하늘아래 너와 있다면
숨쉬는 것만으로도 좋아
it`s a beautiful life
beautiful day
너의 기억에서 내가 살텐데
beautiful life beautiful day
내 곁에서 머물러줘
beautiful my love
beautiful your heart
it`s a beautiful life
it`s a beautiful life
it`s a beautiful life
언제나 널 지켜줄게
it`s a beautiful life
내게 기댈수가 있게
beautiful love
너의 눈물 너의 미소도
곁에서 함께 할 수 있도록
it`s a beautiful life
beautiful day
미치도록 널 사랑했었던 날
beautiful life beautiful day
너를 잃고 싶지 않아
beautiful my love
beautiful your heart
it`s a beautiful life
세상에 너와 닮은 추억이
또 덩그러니 내게 남겨져있어
너와의 기억 너와의 추억
it`s a sorrowful life
sorrowful day
슬픔을 이기지 못하는 내게
sorrowful life sorrowful day
내 곁에서 떠나지마
추억속에 내가 살지 않도록
it`s a beautiful life",2,행복,51.15%
4433490,썸 (Feat. 릴보이 Of 긱스),소유 (SOYOU),"가끔씩 나도 모르게 짜증이나
너를 향한 맘은 변하지 않았는데
혹시 내가 이상한 걸까
혼자 힘들게 지내고 있었어
텅 빈 방 혼자 멍하니 뒤척이다
티비에는 어제 본 것 같은 드라마
잠이 들 때까지 한번도
울리지 않는 핸드폰을 들고
요즘 따라 내꺼인 듯
내꺼 아닌 내꺼 같은 너
니꺼인 듯 니꺼 아닌
니꺼 같은 나
이게 무슨 사이인 건지 사실
헷갈려 무뚝뚝하게 굴지마
연인인 듯 연인 아닌
연인 같은 너 나만 볼 듯
애매하게 날 대하는 너
때로는 친구 같다는 말이
괜히 요즘 난 듣기 싫어 졌어
매일 아침 너의 문자에
눈을 뜨고 하루 끝에는
니 목소리에 잠들고 파
주말에는 많은 사람 속에서
보란 듯이 널 끌어 안고 싶어
요즘 따라 내꺼인 듯
내꺼 아닌 내꺼 같은 너
니꺼인 듯 니꺼 아닌
니꺼 같은 나
때로는 친구 같다는 말이
괜히 요즘 난 듣기 싫어 졌어
너 요즘 너 별로야 너 별로야
나 근데 난 너뿐이야
난 너뿐이야
분명하게 내게 선을 그어줘
자꾸 뒤로 빼지 말고
날 사랑한다 고백해 줘
여전히 친구인척 또 연인인척
행동하는 모습을 전부다 돌이켜
생각 할 수록 너의 진심이
더 궁금해지는 걸 girl you’re so
ambiguous 난 못해
무엇도 아니 어쩌면
기적을 바라지 lotto
확실한 표현을 원하지만
너의 미소 띈 표정에
잊어버리지 난
요즘 따라 내꺼인 듯
내꺼 아닌 내꺼 같은 너
니꺼인 듯 니꺼 아닌
니꺼 같은 나
순진한 척 웃지만 말고
그만 좀 해
너 솔직하게 좀 굴어봐
니 맘 속에 날 놔두고
한 눈 팔지 마 너야말로
다 알면서 딴청 피우지 마
피곤하게 힘 빼지 말고
어서 말해줘 사랑한단 말이야",0,행복,51.52%
33976677,찰나가 영원이 될 때 (The Eternal Moment),마크툽 (MAKTUB),"서로를 향한 마음이
우주의 작은 뭉쳐짐이라면
이 아름다운 기억이 흩어져도
사라지진 않을 거야
잠들지 못한 바람은
고요히 빛나는 너의 바다로
그 안에 잠겨
죽어도 좋으니 나
네 품에 안겨
너의 이름이 긴 밤을 지나
찰나가 영원이 될 때
얼마나 내가 널 좋아하면
달에 네 목소리가 보여
오색 빛 하늘 별 숲 사이로
너라는 꽃이 피어나
그 세상의 반을 가진다 해도
그저 네 앞에선
꽃에 머물고픈
한 남자일 뿐
오롯이 나를 비춰요
어둠이 드리워도 눈이 부시게
눈물조차
반짝이는 밤의 기적을 노래하네
너의 이름이 긴 밤을 지나
찰나가 영원이 될 때
얼마나 내가 널 좋아하면
달에 네 목소리가 보여
오색 빛 하늘 별 숲 사이로
너라는 꽃이 피어나
그 세상의 반을 가진다 해도
그저 네 앞에선
꽃에 머물고픈 남자일 뿐
밤 하늘 수놓인 모든 것들이
운명 위로 내리는 걸
내 꿈에 안긴 널
한 번 더 가득히 안아
시간을 넘어
빛이 닿는 세계의 바깥까지 함께
너의 깊은 미소의
황홀 속 일렁임은
영원과 이어질 거야
얼마나 내가 널 원하는지
눈을 감아도 너와 마주쳐
쏟아지는 달빛의 선율을 따라
자유의 날개로 향하는 봄날엔
너의 유일한 숨결이 분다",2,분노,50.14%
33503722,헤픈 우연,헤이즈 (Heize),"처음이라기엔 너무
길을 이미 다 아는 듯이
우연히라기엔 모두
다 정해진 듯이
우연히 눈을 떠 보니
이 세상에 태어나 있었고
하필 네가 있는 곳이었다
서서히 몸에 배어버린
사소한 습관들이
네게로 가는 길을
내게 알려줘
처음이라기엔 너무
길을 이미 다 아는 듯이
우연히라기엔 모두
다 정해진 듯이
고통의 사랑도
보통의 이별도
You can make it happen
You can make it heaven
우연히라기엔 모두
다 정해진 듯이
만약 내가 그때 그곳을
헤매지 않았더라면
그날 네가 마음 아픈
이별을 안 했었더라면
네 뒤를 따라 걷던 곳
네가 떨어트렸던 꽃
위태롭던 시간 속
서로를 기다려왔어
운명이라고 하기엔
이를 수 있다 생각해
우연히라고 하기엔
설명이 필요한 것 같아
어쩌면 또 스칠 수 있을지 몰라도
지금이 아니면 안 될 것 같던 그 때로
처음이라기엔 너무
길을 이미 다 아는 듯이
우연히라기엔 모두
다 정해진 듯이
고통의 사랑도
보통의 이별도
You can make it happen
You can make it heaven
우연히라기엔 모두
다 정해진 듯이
어쩌면 기억을 지운 채로
하나였던 우린 둘이 되고
운명이란 작은 점 안에서
서로를 찾으며 살았는지도
고통의 사랑도
보통의 이별도
You can make it happen
You can make it heaven
우연히라기엔 모두
다 정해진 듯이
우연히
서서히
점점
더 멀어져가
우연히
천천히
처음
그곳으로 가",0,분노,50.15%
8086947,한숨,이하이,"숨을 크게 쉬어봐요
당신의 가슴 양쪽이 저리게
조금은 아파올 때까지
숨을 더 뱉어봐요
당신의 안에 남은 게 없다고
느껴질 때까지
숨이 벅차올라도 괜찮아요
아무도 그댈 탓하진 않아
가끔은 실수해도 돼
누구든 그랬으니까
괜찮다는 말
말뿐인 위로지만
누군가의 한숨
그 무거운 숨을
내가 어떻게
헤아릴 수가 있을까요
당신의 한숨
그 깊일 이해할 순 없겠지만
괜찮아요
내가 안아줄게요
숨이 벅차올라도 괜찮아요
아무도 그댈 탓하진 않아
가끔은 실수해도 돼
누구든 그랬으니까
괜찮다는 말
말뿐인 위로지만
누군가의 한숨
그 무거운 숨을
내가 어떻게
헤아릴 수가 있을까요
당신의 한숨
그 깊일 이해할 순 없겠지만
괜찮아요
내가 안아줄게요
남들 눈엔 힘 빠지는
한숨으로 보일진 몰라도
나는 알고 있죠
작은 한숨 내뱉기도 어려운
하루를 보냈단 걸
이제 다른 생각은 마요
깊이 숨을 쉬어봐요
그대로 내뱉어요
누군가의 한숨
그 무거운 숨을
내가 어떻게
헤아릴 수가 있을까요
당신의 한숨
그 깊일 이해할 순 없겠지만
괜찮아요
내가 안아줄게요
정말 수고했어요",2,행복,51.89%
19807,벌써 일년,브라운 아이즈,"처음이라 그래 며칠뒤엔
괜찮아져
그 생각만으로 벌써 일년이
너와 만든 기념일마다
슬픔은 나를 찾아와
처음 사랑 고백하며
설렌 수줍음과
우리 처음 만난날 지나가고
너의 생일엔 눈물의 케이크
촛불 켜고서 축하해
I believe in you
I believe in your mind
벌써 일년이 지났지만
일년뒤에도 그 일년뒤에도
널 기다려
너무 보고싶어 돌아와줘
말 못했어
널 보는 따뜻한 그의 눈빛과
니 왼손에 껴진 반지보다
빛난 니 얼굴 때문에
I believe in you
I believe in your mind
다시 시작한 널 알면서
이젠 나없이 추억을 만드는
너라는걸
내가 기억하는 추억은 언제나
지난 웃음과 얘기와 바램들
또 새로 만들 추억은 하나뿐
내 기다림과 눈물 속 너일뿐
I believe in you
I believe in your mind
다시 시작한 널 알면서
이젠 나없이 추억을 만드는
너라는걸
I believe in you
I believe in your mind
벌써 일년이 지났지만
일년뒤에도 그 일년뒤에도
널 기다려",2,행복,50.50%
35505762,떠나 (Prod. PATEKO (파테코)),THAMA,"시원한 바닷소리 들리는 곳 갈래
이 답답한 도시를 벗어나게 할게
삶은 참 짧아 하고픈 건 많아
우리에게 주어진 오늘을 다 가질래
시원한 바람 소리 들리는 곳 갈래
어디로 내달릴지 몰라 멀리 highway
시간은 너와 나를 엮어둬
우리는 파도 속에 갇혀 더
내 몸과 맘이 컴컴해
내 머릿속이 텅텅 비어
삶은 계속 나를 힘들게 해
I can’t tell you now
매일 정신없이 흘러가도
아무런 생각 없었네
위험해 난 이렇게
날 막고 있었잖아
Don’t need a hashtag
Don’t need a check check
언제나 price tag 떼지 않은 bag pack
메고선 길을 잃어간대도
어디로 가야 할지 몰라도
I need a rest
Don’t need a stress
오늘은 떠날 준비가 됐을 때
I’m fallin’ with you
이제 놓을게
시원한 바닷소리 들리는 곳 갈래
이 답답한 도시를 벗어나게 할게
삶은 참 짧아 하고픈 건 많아
우리에게 주어진 오늘을 다 가질래
시원한 바람 소리 들리는 곳 갈래
어디로 내달릴지 몰라 멀리 highway
시간은 너와 나를 엮어둬
우리는 파도 속에 갇혀 더
몇 번에 계절이 지난 뒤
내 모습은 어느새 커버린 아이가 되었어
의미 없어진 결과지만
괜히 생각에 잠겨 도착한 집 앞
반복되는 일상
쉴 틈 없는 나날
또 어딜 가도 맘이 안 편해 무엇 하나
또 망설이고만 있네
벗어나려 해 이제 wait
불이 꺼지면 새로운 날이 come out
지루한 일들 벗어 던지고 떠나
후회나 미련까지 남김없이
전부 비우러 갈래 우리 같이
시원한 바닷소리 들리는 곳 갈래
이 답답한 도시를 벗어나게 할게
삶은 참 짧아 하고픈 건 많아
우리에게 주어진 오늘을 다 가질래
시원한 바람 소리 들리는 곳 갈래
어디로 내달릴지 몰라 멀리 highway
시간은 너와 나를 엮어둬
우리는 파도 속에 갇혀 더
난 기다려 오늘 밤의 널
보이지 않아도 all i got
(I don’t wanna stay back)
가득 채워 오늘 날
I can touch the sky
fallin’down
오늘 나를 찾지마
난 정했어 whatever 난
I’m going anywhere
시원한 바닷소리 들리는 곳 갈래
이 답답한 도시를 벗어나게 할게
삶은 참 짧아 하고픈 건 많아
우리에게 주어진 오늘을 다 가질래
시원한 바람 소리 들리는 곳 갈래
어디로 내달릴지 몰라 멀리 highway
시간은 너와 나를 엮어둬
우리는 파도 속에 갇혀 더",2,분노,50.62%
8109412,D (half moon) (Feat. 개코),DEAN,"Love love the stars
Love love the moon
별 다를 것 없이
똑같은 공기
똑같은 침대에서
보이는 천장까지
왜 별 이유 없이
공허한 건지
그저 몇 시간 째
멍만 때리는 게
처음에는
배가 고픈가 했었는데
No way no way no way
요새는
칸예 새 앨범을 들어도
뻔해 뻔해 뻔해
TV를 틀어 놓은 채
채널만 돌려 보네
But bae 별 의미 없네
다 너의 반 반
반의 반의 반도
채워주질 못 하네
채워지지가 않네 Yeah
딱 너의 반 반
반의 반이라도
내게 남았더라면
이렇게 붕 떠있지는
않을 텐데
너 없는 밤도
달은 떴다는데
보이지 않아
네 생각에 가려진 채 Yeah
마음이 기운 채로
판단이 설 리가
너 하나 없다고
내가 이럴 리가 없는데
자꾸 그 때로 또 되감기 돼
네가 있던 자리
그 자리 위 밤하늘까지 보여
저 반 쪽 짜리 달이
딱 지금 나의 모습 같지
다 너의 반 반
반의 반의 반도
채워주질 못 하네
채워지지가 않네 Yeah
딱 너의 반 반
반의 반이라도
내게 남았더라면
이렇게 붕 떠있진 않을 텐데
내일의 어둠이
저 달을 한 입 삼키면
둘이 만들었던
세계도 더 작아질 텐데
그리움만 꽉 차겠지
지루한 하루들을 보낸 후
보름달 하늘에 뜰 때쯤에는
우린 하나라고
떠들고 다닐 때만 해도
너는 너고 나는 나라는 게
이렇게도 명확해질지 몰랐어
서로 생각할 시간
시간 초과된 기분
더 지나면 서로
돌아오라고도 못 해
난 지금 돈키호테처럼
정처 없이 네 사랑을 꿈꾸네
난 네 눈만 봐도
텅 빈 이 맘을 다 채울 텐데
다 너의 반 반
반의 반의 반도
채워주질 못 하네
채워지지가 않네 Yeah
딱 너의 반 반
반의 반이라도
내게 남았더라면
이렇게 붕 떠있진 않을 텐데
Love love the stars
Love love the moon
딱 너의 반 반
반의 반이라도
내게 남았더라면
그랬더라면",2,행복,50.54%
30461396,"무제(無題) (Untitled, 2014)",G-DRAGON,"나에게 돌아오기가 어렵고 힘든 걸 알아
이제 더는 상처받기가 두렵고 싫은 걸 알아
네가 떠나 버린 그날에도 모진 말로 널 울리고
뒤돌아 서서 후회해 미안해
제발 단 한 번이라도 너를 볼 수 있다면
내 모든 걸 다 잃어도 괜찮아
꿈에서라도 너를 만나 다시 사랑하기를
우리 이대로
너에게 용서받기 보다 죽는 게 더 쉬울지 몰라
이 노래를 불러보지만 내 진심이 닿을지 몰라
네가 행복하기를 바래 그 흔한 거짓말도 못하고
돌아오기만 기도해 미안해
제발 단 한 번이라도 너를 볼 수 있다면
내 모든 걸 다 잃어도 괜찮아
꿈에서라도 너를 만나 다시 사랑하기를
우리 이대로
이제는 끝이라는 마지막이라는
너의 그 맘을 난 믿을 수 없어
I can't let go, cuz you never know
내겐 너 같은 너에겐 나 같은
그런 사랑은 두 번 다시는 없어
Nobody knows… we always know
제발 단 한 번이라도 너를 볼 수 있다면
내 모든 걸 다 잃어도 괜찮아
꿈에서라도 너를 만나 다시 사랑하기를
지금 이 시간이 지나가고 다 잊을 수 있다면
그 기억도 행복했던 추억도
아니 다음 생 에도 너를 만나 다시 사랑하기를
예전 그대로",2,분노,50.04%
30659630,밤이 되니까,펀치 (Punch),"오늘도 난 술을 마셔 우울하니까
네가 또 생각나니까
침대 위에 놓인 전활 꺼 둬야만 해
내일 후회할 것 같아서
찬 바람이 불어 오면
왠지 술 한 잔이 생각나
너도 옆에 있으면 좋겠어
파도처럼 내게 밀려와
나를 어지럽게 만드는
네가 오늘따라 더 생각이 나 alright
오늘도 난 술을 마셔 밤이 되니까
네가 또 생각나니까
침대 위에 놓인 전활 꺼 둬야만 해
내일 후회할 것 같아서
나에게 읽어 주던 시
너와 살던 집
모든 게 다 생각이 나
파란 지붕 밑 강이 보이는 곳
한강 위에 비친 달빛이
네가 있는 곳을 안다면
그곳을 비춰준다면 좋겠어 alright
시간은 저녁을 지나 긴 새벽인데
왜 자꾸 네가 생각나
쓸쓸한 네 빈자리가 날 외롭게 해
아직 많이 사랑하나 봐
아직은 힘들 것 같아
너의 번호를 지운단 건
너를 모두 지우는 것 같아서
오늘 밤은 너를 찾아가
이 말을 전하고 싶어
너를 정말 많이 사랑했다고
오늘도 난 술을 마셔 비가 오니까
네가 또 생각나니까
침대 위에 놓인 전활 꺼 둬야만 해
내일 후회할 것 같아서
이 밤에 술을 한 잔 하는 건
모두 그렇지만 나 결국 너를 잊을 걸
알면서도 헤어지려는
마음이 이렇게 슬프기
때문일까 내 탓일까
지금은 너도 혹시
내 생각 하다 잠 못 들지 않는지
너무나 보고 싶어 1분이라도
네가 또 보고 싶어
보고 싶어",2,분노,51.01%
35383398,보고싶었어,WSG워너비(4FIRE),"너를 정말 사랑했나 봐 아직도 널 못 잊었나 봐 자꾸만 생각나
시간은 왜 자꾸 나에게 아픈 기억은 다 지우고 좋은 추억만 남아
우 함께 울고 웃던 계절에 다시 만난다면
보고싶었어 사랑했던 그때의 너와
니 곁에 그리고 나 널 바라만 봐도 눈물 나게
마냥 좋았어 너에게 못다 한 그 말
조금은 늦었겠지만 아직 널 사랑한다고 말야
라라라 라라라라랄랄라 라라라라랄랄라
보고싶었어
라라라 라라라라랄랄라 라라라라랄랄라
너도 내 맘 같기를
그땐 정말 어렸었나봐 사랑을 잘 몰랐었나 봐
그게 마음이 아파
우 오늘처럼 눈부신 날에 다시 만난다면
보고싶었어 사랑했던 그때의 너와
니 곁에 그리고 나 널 바라만 봐도 눈물 나게
마냥 좋았어 너에게 못다 한 그 말
조금은 늦었겠지만 (늦었겠지만) 아직 널 사랑한다고
꽃 피는 봄이 온 것처럼
당연한 듯 내곁에 머물 줄만 알았어 (항상)
주는 게 사랑이란 걸 그때야 난 깨달았어
니가 떠난 후에야
나 너에게 참 고마웠다고 벅차 행복했다고
사랑을 가르쳐 준 니가 참
보고싶었어 (보고싶었어) 너에게 듣고 싶은 말
아직 늦지 않았다고 (늦지 않았다고) 너도 날 기다렸다고 말야
라라라 라라라라랄랄라 라라라라랄랄라
보고싶었어 (Baby can you call me now)
라라라 라라라라랄랄라 라라라라랄랄라
너도 내 맘 같기를",2,분노,50.58%
35668899,딱 10CM만,10CM,"1 2 3 4 5 6 7 8 9 10
딱 10CM만
더도 말고 덜도 말고 딱 그 정도만
한번 해보자
우리 멀어져 보자
딱 반 발자국만
더도 말고 덜도 말고 딱 그 정도만
한번 해보자
우리 멀어져 보자
자세히 보아야 예쁘다
오래 보아야 사랑스럽다
참 좋아하던 말이었는데 글쎄
아무거나 눌러보다가
한발자국 뒤에서
보면 보이지 않던 아름다움이
보인다는 말에
집에 가는 길에
액정 밖의 화면을 봤네
맨날 본 똑같은 거리들이
오늘따라 이상하게 예뻐 보이는 게
싫은 것도 싫지 않아야 어른이 되지
우리 조금만 반 발자국만
한 발자국만 아님 반 발자국만
멀어져 볼까
1 2 3 4 5 6 7 8 9 10
딱 10CM만
더도 말고 덜도 말고 딱 그 정도만
한번 해보자
우리 멀어져 보자
딱 반 발자국만
더도 말고 덜도 말고 딱 그 정도만
한번 해보자
우리 멀어져 보자
꽃을 보았다 예뻤다
자세히 보려고 꺾었다
참 좋아하던 향이었는데 글쎄
이제는 한 두번 누르는 향수처럼
쉽게 피고 아쉽게 지는
자세히 안 봐도 오래 안 봐도
이 거리를 가득 채우는
꽃들도 있더라고
삐거덕 거리는
빈 수레바퀴는
쉼과 의심 그 사이 어딘가로 더
미끄러져가는데
일찍이 이미 희미해 져버린
우리의 길 위 의미는 헤져버린
목적지에 적힌 음표와 같아서
1 2 3 4 5 6 7 8 9 10
딱 10CM만
더도 말고 덜도 말고 딱 그 정도만
한번 해보자
우리 멀어져 보자
딱 반 발자국만
더도 말고 덜도 말고 딱 그 정도만
한번 해보자
우리 멀어져 보자
딱 10CM만
더도 말고 덜도 말고 딱 그 정도만
한번 해보자
우리 멀어져 보자
딱 반 발자국만
더도 말고 덜도 말고 딱 그 정도만
한번 해보자
우리 멀어져 보자",2,분노,51.39%
420534,체념,빅마마,"행복했어
너와의 시간들
아마도
너는 힘들었겠지
너의 마음을
몰랐던 건 아니야
나도 느꼈었지만
널 보내는게
널 떠나보내는게
아직은 익숙하지가 않아
그렇게 밖에 할 수 없던
니가 원망스러워
왜 말 안했니
아님 못한거니
조금도 날
생각하지 않았니
좋아한다며
사랑한다며
이렇게 끝낼거면서
왜 그런말을 했니
널 미워해야만
하는 거니
아니면 내 탓을
해야만 하는 거니
시간을
돌릴수만 있다면
다시 예전으로
돌아가고 싶은 마음뿐이야
왜 말 안했니
아님 못한거니
조금도 날
생각하지 않았니
좋아한다며
사랑한다며
이렇게 끝낼거면서
왜 그런말을 했니
널 미워해야만
하는 거니
아니면 내 탓을
해야만 하는 거니
시간을 돌릴수만 있다면
다시 예전으로
돌아가고 싶은 마음뿐이야
그래 더 이상
묻지 않을게
내곁을 떠나고 싶다면
돌아보지 말고 떠나가
눈물은 흘리지 않을게
괜히 마음만 약해지니깐
내게서 멀어진
니 모습이
흐릿하게 보여
눈물이 나나봐
널 많이
그리워할것 같아
참아야만 하겠지
잊혀질 수 있도록
다시 사랑같은거
하지 않을래
내 마지막 사랑은
돌아선 너에게
주고 싶어서
행복하길 바래
나보다 좋은 여자
만나기를",2,분노,50.96%
34752700,GANADARA (Feat. 아이유),박재범,"길거리를 걷다 보면
사랑 노래만 흘러나와
나는 왜 저런 게 낯설까
난 한국말까지 서툴러
번역기도 전혀 도움 안 돼
네 맘엔 어떨까 걱정만
어떤 단어를 쓸지 I don’t know
어떤 말을 할지 I don’t know
나는 왜 이런지 I don’t know
You’re on my mind
어떤 단어를 쓸지 I don’t know
어떤 말을 할지 I don’t know
나는 왜 이런지 I don’t know
You’re on my mind
Baby 정말 생각 안 나
Body language로 자신 있어
보여줄게
girl just give me some your time
너를 보면 손에 땀 나
긴장 풀게 한 번 웃어줘
Let me take u on a magic carpet ride
손을 잡아 따라와
맑은 날씨 보름달
가르쳐줘 오늘 밤
가나다라마바사
손을 잡아 따라와
맑은 날씨 보름달
가르쳐줘 오늘 밤
가나다라마바사
너무 완벽하지 않아도
걱정 마 네 맘을 조금 알 것 같아
네게 좀 더 다가서 볼까
고민해 매일 밤
길거리를 걷다 보면
계속 계속 네 생각이 나
이런 내 모습이 왜 낯설까
번역기 위에서
헤매는 네 손가락까지
자꾸만 생각이 나는 걸
Body language도 나는 괜찮아
But 생각 안 나면 그냥 웃어줘
모든 것을 알려줄게 오늘 밤
내가 나쁜 남자처럼 보여도
너를 볼 때면 맘이 여려져
I wouldn’t mind if I died in your arms
손을 잡아 따라와
맑은 날씨 보름달
가르쳐줘 오늘 밤
가나다라마바사
손을 잡아 따라와
맑은 날씨 보름달
가르쳐줘 오늘 밤
가나다라마바사
손을 잡아 따라와
맑은 날씨 보름달
가르쳐줘 오늘 밤
가나다라마바사
손을 잡아 따라와
맑은 날씨 보름달
가르쳐줘 오늘 밤
가나다라마바사",2,행복,50.10%
30806580,instagram,DEAN,"내일이 올 걸 아는데
난 핸드폰을 놓지 못해
잠은 올 생각이 없대 yeah
다시 인스타그램 인스타그램 하네
잘 난 사람 많고 많지
누군 어디를 놀러 갔다지
좋아요는 안 눌렀어
나만 이런 것 같아서
저기 인스타그램 인스타그램 속엔
문제야 문제
온 세상 속에
똑같은 사랑노래가
와 닿지 못해
나의 밤 속엔
생각이 너무 많네
복잡해
틈만 나면 바뀌는 게
관둘래
이 놈의 정보화 시대
단단히 잘못 됐어
요즘은 아는게 더
괴로운 것 같은데
가면 갈 수록
너무 어려워
나만 이런 건지
클럽 말고 뭐
영화 말고 뭐 없나 하다
결국 동네
내 맘에는 구멍이 있어
그건 뭘로도 못 채우는 것 yeah
난 지금 가라앉는 중 인걸
네모난 바다 속에서
문제야 문제
온 세상 속에
똑같은 사랑 노래가
와 닿지 못해
나의 밤 속엔
생각이 너무 많네
뚜루뚜 뚜루뚜
all night
그렇게 시간 낭비를 하네
저 인스타그램 속에서
Lonely lonely so lonely
원래 이리도 힘든가요
no way no way
이 피드 속엔
나완 다른 세상 뿐인데
부질없이
올려 놓은 사진
뒤에 가려진 내 마음을
아는 이 없네
난 또 헤 메이네
저 인스타그램 속에서
그래 너는 요즘 어때
잠 못 자는 건 여전해
자른 단발이 참 예쁘던데
좋아요는 안 눌렀어
조금 웃긴것 같아서
뚜루루뚜 뚜루루뚜
뚜루루뚜
all night
그렇게 시간 낭비를 하네
네 인스타그램 속에서",2,분노,51.04%
36224655,사랑이라 믿었던 것들은 (Feat. 이수현),BIG Naughty (서동현),"사랑이라 믿었던 것들은
어린 날의 추억일 뿐
추억이라 믿었던 것들은
오래 썩는 기억일 뿐
기억이라 믿었던 것들은
지금 너와 나의 기쁨
깊은 곳에서 숨 쉬는
불행들의 연료일 뿐
불행이라 믿었던 것들은
어린 날의 상처일 뿐
상처라 믿었던 것들은
새로운 살의 양분일 뿐
새살이라 믿었던 것들은
의미 없는 가죽일 뿐
그 살가죽을 뚫고 온 너를
사랑이라 믿었을 뿐
길 잃었다
실없다
일없다
사랑에
길 잃었다
웃었다
누군가
웃는 바람에
길었다
질었다
굶주렸다
사랑 따위에
비웠다
지웠다
고작
너란 사람에
쉬웠다
사랑이라 믿었던 것들은
어린 날의 미련일 뿐
미련이라 믿었던 것들은
피지 못한 필연일 뿐
필연이라 믿었던 것들은
지금 너와 나에 깃든
더 짙은 색으로 태어난
시련들의 시작일 뿐
시작이라 믿었던 것들은
끝의 예쁜 이름일 뿐
이름이라 믿었던 것들은
너의 작은 조각일 뿐
조각이라 믿었던 것들이
어쩌면 너의 전부
그 전부를 건넨 너를
사랑이라 믿었을 뿐
사랑이라 믿을 때쯤에
넌 왜 불행에 불을 지피는데
상처라고 믿었었는데
넌 왜 새살이 날 용기를 주는데
미련이라 믿을 때쯤에
넌 왜 나타나 날 부추기는데
어젠 시작이라 믿었었는데 넌 왜
오늘의 끝엔 나를 밀어내는데
길 잃었다
실없다
일없다
사랑에
길 잃었다
웃었다
누군가
웃는 바람에
길었다
질었다
굶주렸다
사랑 따위에
비웠다
지웠다
고작
너란 사람에
쉬웠다",0,분노,51.01%
36705594,밤 (Night),dori,"영화 같던 이 밤
사랑했던 이 밤
너와 걷던 이 밤을
기억 속에 머물러줘
영화 같던 이 밤
사랑했던 이 밤
너와 걷던 이 밤을
기억 속에 머물러줘
널 또 떠올린 이 밤
낮이지나 매일 밤이 되면
네 생각에 나는 솔직해져
아직까지 너를 잊지 못하고 난
많이 지났던 이 장소에선
한 번쯤은 만나길 바라며
외쳤어 난 너를 보고 싶다고 난
비슷한 듯 다른 옷차림
너와 갔던 그 장소와 거리는
그리운 네 모습 매일이 괴로워
오늘 밤에 난 널 추억할게
이 음악이 제발 네게 닿기를
홀린 것처럼 난 그때를 떠올려
영화 같던 이 밤
사랑했던 이 밤
너와 걷던 이 밤을
기억 속에 머물러줘
영화 같던 이 밤
사랑했던 이 밤
너와 걷던 이 밤을
기억 속에 머물러줘
널 또 떠올린 이 밤
다시 너와 그날 밤이 오면
그 순간엔 뭘 하고 싶은지
무슨 말을 해야 할지 나는 모르지만
그때처럼 너와 밤에 둘이
그저 걸어도 난 좋았었다고
매일 밤을 너와 함께하고 싶었지 난
비슷한 듯 다른 옷차림
너와 갔던 그 장소와 거리는
그리운 네 모습 매일이 괴로워
오늘 밤에 난 널 추억할게
이 음악이 제발 네게 닿기를
홀린 것처럼 난 그때를 떠올려
영화 같던 이 밤
사랑했던 이 밤
너와 걷던 이 밤을
기억 속에 머물러줘
영화 같던 이 밤
사랑했던 이 밤
너와 걷던 이 밤을
기억 속에 머물러줘
영화 같던 이 밤
사랑했던 이 밤
너와 걷던 이 밤을
기억 속에 머물러줘
영화 같던 이 밤
사랑했던 이 밤
너와 걷던 이 밤을
기억 속에 머물러줘
널 또 떠올린 이 밤",0,분노,50.79%
30390068,오늘 취하면 (Feat. 창모) (Prod. SUGA),SURAN (수란),"아직 잊지 못하고
아주 달콤히 맴돌아
나 꿈인 줄 모르고 star
헤매이고 있어
그냥 어지러운 가봐요
잠이 든 그댄 아무 말도 말아요
이미 익숙해진 우리 미로 사이
참을 수 없어
Have a feel so sweet
어색했던 우리 첫 와인처럼
쓰고 아프지만
두 눈에 가득 담아
흐르는 대로 널 보내줄게
나 너에게 취해
난 이 밤에 취해
니가 모질게 했던 그 기억 속에
그 추억에 헤매 널 찾고 있어
그냥 잊을래
너의 맘도 알고 싶어 boy
그냥 잊어줘
Baby Please don't go
나 바빠 Bay 아니야
그만 잡아 Phone
우리 얘기 다 끝났어
난 차가운 남자라고
누가 취하면 그런 거 못해
잡다 놓다가 새 Phone에
지문 묻히기 누가 못하냐고
알아 난 나이 24
이별 따위엔 서툴지
사실 이제 나 익숙해졌음 해
마치 또래보다
훨씬 많은 돈을 버는 일
허나 나보다
훨씬 여리디 여린 널 위해
다 큰 어른인 척 좀
할 수 밖에 없는걸 생각해 좀좀좀
지울 수 없어
Have a feel so sweet
익숙해져 버린 네 향기처럼
쓰고 아프지만
내 맘에 가득 담아
흐르는 대로 널 보내줄게
나 너에게 취해
난 이 밤에 취해
니가 모질게 했던 그 기억 속에
그 추억에 헤매 널 찾고 있어
그냥 잊을래
너의 맘도 알고 싶어 boy
그냥 잊어줘
Baby Please don't go
눈 감으면 맴돌아 너와 걷던 길
함께한 시간 이대로 잠들면 oh
오늘 좀 취한 것 같아
잠긴 목소리로 불러도
넌 아무렇지 않게 가줘
나 너에게 취해
난 이 밤에 취해
니가 모질게 했던 그 기억 속에
그 추억에 헤매 널 찾고 있어
그냥 잊을래
너의 맘도 알고 싶어 boy
그냥 잊어줘
Baby Please don't go",2,행복,50.71%
35457531,Hurt,NewJeans,"보고 싶은 생각에
들어간 우리 창에
나는 말을 거는데
보내지는 않을래
느린 한마디보다
조용함이 더 좋아
기다리고 있지만
매일 이런 건 아냐
난 재미없어 게임 같은 건
다 필요 없어 아무리 좋아도 널 no
말로만은 지겨운걸
먼저 와서 보여줘
먼저 와서 보여줘
‘Cause I’m not gonna be the one to get hurt
Hurt (nah, nah)
I’m not gonna be the one to get hurt
Hurt (nah, nah)
I’m not gonna be the one to get hurt
Hurt (oh, oh, ooh)
I’m not gonna be the one to get hurt (oh, oh, ooh)
I’m not gonna be the one to get hurt (oh, oh, ooh)
I’m not gonna be the one to get hurt (oh, oh, ooh)
매일 잠들기 전에
그리고 또 아침에
쥐고 있는 내 손엔
너없는 화면인데
느린 한마디보다
조용함이 더 좋아
기다리고 있지만
매일 이런 건 아냐
난 재미없어 게임 같은 건
다 필요없어 아무리 좋아도 널 no
말로만은 지겨운걸
먼저 와서 보여줘
먼저 와서 보여줘
‘Cause I’m not gonna be the one to get hurt
Hurt (nah, nah)
I’m not gonna be the one to get hurt
Hurt (nah, nah)
I’m not gonna be the one to get hurt
Hurt (oh, oh, ooh)
Hurt (oh, oh, ooh)
여기까지야
네가 와있는 곳은
너무 멀었어
I’m not gonna be the one to get hurt
여기까지야
네가 와있는 곳은
너무 멀었어
I’m not gonna be the one to get hurt",2,행복,51.13%
37248287,Merry PLLIstmas,PLAVE,"Starry night
오늘을 준비했어
널 위한 노래와 크리스마스 선물들이
떨리는 내 심장소린
널 향한 연주가 되었죠
Mistletoe
우리들의 멜로디
하얀 솜
쌓여가는 이야기
따듯한 겨울눈이 falling
산타는 없죠
Say I love you
Don’t leave me alone
I will tell you one thing, lady
사랑에 빠져버린 것 같아
꿈을 꾼다
흰 눈이 널 닮은 이 순간
멜로 영화처럼
마침내 우린 결말이 되었죠
Christmas for you
꿈만 같아
온 세상이 멈춘 이 순간
너를 바라볼 때
눈송이가 수많은 별이 되어
반짝일 거야
사랑일까
새하얀 눈이 (펑펑)
내리는 거리 (펑펑)
만나러 가지
떨리는 아이
Christmas party
12시 지나면 종이 울릴 텐데
I swear to god
I’ll love you forever babe
Say I love you
Don’t leave me alone
I will tell you one thing, lady
사랑에 빠져버린 것 같아
꿈을 꾼다
흰 눈이 널 닮은 이 순간
멜로 영화처럼
마침내 우린 결말이 되었죠
Christmas for you
꿈만 같아
온 세상이 멈춘 이 순간
너를 바라볼 때
눈송이가 수많은 별이 되어
반짝일 거야
눈이 내리죠
그대 올까요
혹시라도
내가 놓칠까 봐
그대가 보여
내리는 눈 사이로 ooh
꿈을 꾼다
흰 눈이 널 닮은 이 순간
멜로 영화처럼
마침내 우린 결말이 되었죠
Christmas for you
꿈만 같아
온 세상이 멈춘 이 순간
너를 바라볼 때
눈송이가 수많은 별이 되어
반짝일 거야
Merry Christmas",2,분노,50.58%
4671151,"눈, 코, 입",태양,"미안해 미안해 하지마
내가 초라해지잖아
빨간 예쁜 입술로
어서 나를 죽이고 가
나는 괜찮아
마지막으로 나를 바라봐줘
아무렇지 않은 듯 웃어줘
네가 보고 싶을 때
기억할 수 있게
나의 머릿속에 네 얼굴
그릴 수 있게
널 보낼 수 없는 나의 욕심이
집착이 되어 널 가뒀고
혹시 이런 나 땜에 힘들었니
아무 대답 없는 너
바보처럼 왜
너를 지우지 못해
넌 떠나버렸는데
너의 눈 코 입
날 만지던 네 손길
작은 손톱까지 다
여전히 널 느낄 수 있지만
꺼진 불꽃처럼
타들어가버린
우리 사랑 모두 다
너무 아프지만 이젠 널
추억이라 부를게
사랑해 사랑했지만
내가 부족했었나 봐
혹시 우연이라도
한순간만이라도 널
볼 수 있을까
하루하루가 불안해져
네 모든 게 갈수록 희미해져
사진 속에 너는 왜
해맑게 웃는데
우리에게 다가오는
이별을 모른 채
널 보낼 수 없는 나의 욕심이
집착이 되어 널 가뒀고
혹시 이런 나 땜에 힘들었니
아무 대답 없는 너
바보처럼 왜
너를 지우지 못해
넌 떠나버렸는데
너의 눈 코 입
날 만지던 네 손길
작은 손톱까지 다
여전히 널 느낄 수 있지만
꺼진 불꽃처럼
타들어가버린
우리 사랑 모두 다
너무 아프지만 이젠 널
추억이라 부를게
나만을 바라보던 너의 까만 눈
향기로운 숨을 담은 너의 코
사랑해 사랑해
내게 속삭이던 그 입술을 난
너의 눈 코 입
날 만지던 네 손길
작은 손톱까지 다
모두 다
여전히 널 느낄 수 있지만
널 느낄 수 있지만
꺼진 불꽃처럼
타들어가버린
우리 사랑 모두 다
너무 아프지만 이젠 널
추억이라 부를게",2,분노,51.05%
36946340,Nobody Knows,KISS OF LIFE,"Tonight, let’s start the masquerade. “I’m coming over”
But nobody knows my little secret
모든 걸 보여주기엔 좀 이르잖니
아껴 둬 Never talk, never tell
When you feel it, come and get it
감당해 봐 Truth or Dare, It’s alright
Yeah I could be there for you, yeah I can be there
솔직한 나를 원했거든
좀 더 기다려 I’ll party all night
Yeah get this party started, let’s get it started
Yeah nobody knows (Know)
Yeah nobody knows 보이는 대로 믿는 Good time (Such a good time)
Yeah such a good time together (Such a good time)
Yeah nobody knows (Know)
Yeah nobody knows 아무도 본 적 없는 Dancing in shadow (Guess what)
나만의 Good time forever (That’s right)
미소 뒤에 숨긴 나의 Villain 같은 Vibe
굳이 쓸데없는 얘긴 잘 안 하는 Type
For real? (For real! For real!)
And later in the night, 저 달빛 아래 홀로 서
깊은 어둠조차 두렵지 않아 Babe
When you feel it, come and get it
이끌리지 너도 모르게 Right
Yeah I could be there for you, yeah I can be there
어떤 날 상상했는지는
딱히 내게 중요하지 않아
Yeah get this party started, let’s get it started
Yeah nobody knows (Know)
Yeah nobody knows 보이는 대로 믿는 Good time (Such a good time)
Yeah such a good time together (Such a good time)
Yeah nobody knows (Know)
Yeah nobody knows 아무도 본 적 없는 Dancing in shadow (Guess what)
나만의 Good time forever (That’s right)
Yeah what’s good!
Take your time, take your time time
Take your time time, take your time time time
Let’s flip that switch!
I’m a wild, I’m a wild wild
I’m a wild wild, I’m a wild wild wild
Yeah what’s good!
Take your time, take your time time
Take your time time, take your time time time
Let’s flip that switch!
Make it wild, make it wild wild
Make it wild wild, make it wild wild wild
When you feel it, come and get it
너도 나와 함께 Party all night
Yeah get this party started, let’s get it started
Yeah nobody knows (Know)
Yeah nobody knows 보이는 대로 믿어 Good boy (Such a good time)
Yeah such a good time together (Such a good time)
Yeah nobody knows (Know)
Yeah nobody knows 더 깊이 자유로운 Dancing in shadow (Guess what)
나만의 Good time forever (That’s right)
Good time forever",2,행복,52.07%
8026677,잊어버리지마 (Feat. 태연),Crush,"너와 나 언젠가
남이 되어도
영영 닿을 수 없는
사이 되어도
잊어버리지마
잃어버리지마
혹시나 다른 사람의
손 잡고 있어도
영영 닿을 수 없는
곳에 있어도
잊어버리지마
잃어버리지마
따뜻해 볼이 맞닿을 때
살며시 시린
내 손 잡아줄 때
차가운 세상에
지친 내 맘을
온기로 감싸네
예에이에
내 눈에 담긴 너의 얼굴
내 품에 잠든 너의 모습
이대로 멈췄으면 해
꽉 잡은 두 손
놓치면 안돼
너와 나 언젠가
남이 되어도
영영 닿을 수 없는
사이 되어도
잊어버리지마
잃어버리지마
혹시나 다른 사람의
손 잡고 있어도
영영 닿을 수 없는
곳에 있어도
잊어버리지마
잃어버리지마
마주 앉아
널 바라보는 지금이
영원하길 바래
혹시나 시간이
우릴 질투 할까 봐
사실 걱정 돼
변치 마 always by my side
영원히 함께 my love
언젠가 날 기억해주길
한번쯤은 뒤 돌아보길
부디 놓지 말아줘
우릴 계속 바라봐주길
Oh My love
시간이 지나 baby
너와 나
우리가 남이 되어도
잊어버리지마
날 잊어버리지마
랄라 랄라랄라 랄라
이 노랠 잊어버리지마",2,행복,50.76%
30809895,미안해,양다일,"습관처럼 떠오르던
눈에 아른거리던 네 모습이
더는 그려지지 않아
거짓뿐이었던 너의 말과
너도 모르는 너의 모습들을
더는 원치 않아
단 한 번뿐인 이별에도 말하지 못한
너의 진심을 이젠 다 알 것 같은데
미안해 더는 널 바라보지 않아
미안해 더는 나 후회하지 않아
다시 널 마주할 그 순간에도
널 사랑하지 않아 말할 수 있어
수화기 너머 들리는
지친 날 위로하던 네 목소리
더는 그려지지 않아
함께 쌓았던 추억과
그 많던 말들이 아쉬워서
전하지 못한 말들이
미안해 더는 널 바라보지 않아
미안해 더는 나 후회하지 않아
다시 널 마주할 그 순간에도
널 사랑하지 않아 말할 수 있어
어색하게 만난 우리 시작도
처음 고백했던 그 순간들도
다 어제 같은 일인데
누굴 만나 사랑한다는 게
너를 만나 내가 변해간단 게
이젠 없어
미안해 더는 널 사랑하지 않아
미안해 더는 나 후회하지 않아
힘든 시간들에 지쳐갈 때도
이렇게 해야만 내가 편할 것 같아",2,분노,50.51%
34518500,Polaroid Love,엔하이픈 (ENHYPEN),"It’s like a polaroid love
사랑, 촌스런 그 감정
근데 내 가슴이 뛰어
왜 나 이래 나
왜 사랑에 목매는 건지
어차피 뻔한 감정이잖아
분명 다 안다 믿었지
알고도 빠진 함정인가 봐
나도 모르게 When you call my name
가슴 아프게 나의 심장이 쿵쿵
It’s like a polaroid love
사랑, 촌스런 그 감정
근데 내 가슴이 뛰어
왜 나 이래 나
It’s like a polaroid love
내 뜻대로 되지 않아
흔한 filter조차 없어
But I love that vibe
(yeah yeah yeah yeah)
널 향한 내 맘을 여기
보정 없이 새기는 거야
점점 또렷해져 가지
이 맘은 세상 단 한 장 뿐이야
나도 모르게 When you call my name
가슴 아프게 나의 심장이 쿵쿵
It’s like a polaroid love
사랑, 촌스런 그 감정
근데 내 가슴이 뛰어
왜 나 이래 나
It’s like a polaroid love
내 뜻대로 되지 않아
흔한 filter조차 없어
But I love that vibe
(yeah yeah yeah yeah)
Polaroid Love
촌스런 그 감정
Polaroid Love
I love that vibe
나도 모르게 When you call my name
가슴 아프게 나의 심장이 쿵쿵
It’s like a polaroid love
사랑, 촌스런 그 감정
근데 내 가슴이 뛰어
왜 나 이래 나
It’s like a polaroid love
내 뜻대로 되지 않아
흔한 filter조차 없어
But I love that vibe
(yeah yeah yeah yeah)",2,행복,50.02%
35665282,Rush Hour (Feat. j-hope of BTS),Crush,"Yo I’ve been walking on the street yo
유엔빌리지에서 한강진역
이태원을 지나왔어 언덕길로
클랙슨은 목이 쉬어 퇴근길마다 삐걱삐걱
그게 자그마치 2년
입에 단내가 나 미칠 지경
작업실로 당당하게 내비 찍어
This is Crush hour 비켜라 비켜
We gotta celebrate 넌 즐기기만 해
누가 뭐래도 Baby
Hey ladies and gentlemen,
do what you wanna do baby
그러니까 너넨 히비히비합 질러 빽빽
다시 Clap clap clap and then hit that
하나둘 모여 마치 Traffic jam
Get up get up
그러니까 너넨 히비히비합 질러 땍땍
따라 해 어때 생각보다 쉽지
모두 모여 마치 Traffic jam
Get up (get up) get on up
Yo I’ve been walking on the street yo
서울숲에서부터 근방 직경
But 어딜 가든 이젠 레드카펫 Feel yo
사진 소리 찰칵찰칵 가는 길마다 찍어 찍어
붐비는 People, 마치 Traffic 기분
보험마저 없는 내 미래 비전
Y’all trippin’, whole lotta freaks
And now, Crush hour 난 그냥 형 따라 직진
We gotta celebrate 넌 즐기기만 해
누가 뭐래도 Baby
Hey ladies and gentlemen,
do what you wanna do baby
그러니까 너넨 히비히비합 질러 빽빽 (빽빽)
다시 Clap clap clap and then hit that (hit that)
하나둘 모여 마치 Traffic jam
Get up get up
그러니까 너넨 히비히비합 질러 땍땍 (땍땍)
따라 해 어때 생각보다 쉽지
모두 모여 마치 Traffic jam
Get up (get up, rush hour)
Take’em to the bridge
La la la la la la la la
La la la la la la la
La la la la la la la la
La la la la la la la
This is Crush hour, Crush hour, Crush hour
This is Crush hour, Crush hour, Crush hour
Watch Out (Watch Out)
Watch Out (Watch Out)
This is Crush hour, Crush hour, Crush hour",2,슬픔,50.49%
4205993,갖고놀래 (Feat. 다이나믹 듀오),범키,"ma lady 나 널 갖고놀래
더 가까이와 널 꼭 안을래
마침 딱 분위기 좋아
두 눈은 감을래
I wanna be with you
사실은 나 숨기려 해도
두근거림은 감출 수 없어
숨이 딱 멎을거 같아
숨쉴 수가 없어
우리 단둘이
이길을 걷고 있으면
더 바라는건 없지
네 손을 잡고 있으면
시간이 멈출것만 같아
난 꿈을 꾸는것만 같아
How do i
Say goodbye
오늘 함께 있고 싶은데
얼음 위스키 음악 슬로우잼
게임은 시작됐어 누가 술래
자정 넘어 언어로 하는 테니스
밀당 하면서 서로의
맘을 훔쳐보네
짖궂은 말장난이
술잔에 섞이면
넌 불빛을 좀 낮추길 원하지
용기를 내서 내가
다음 단계를 밟으면
넌 음악의 볼륨을
조금 높이길 원하지
ma lady 나 널 갖고놀래
더 가까이와 널 꼭 안을래
마침 딱 분위기 좋아
두 눈은 감을래
I wanna be with you
사실은 나 숨기려 해도
두근거림은 감출 수 없어
숨이 딱 멎을거 같아
숨쉴 수가 없어
She is so lovely
내 눈을 바라볼때면
To keep her accompanied
Anything she say i'd do
너 아닌 다른 누구도
널 대신할 순 없어
How do i
Say goodbye
헤어지고 싶지 않은데
사랑을 받는것보다
사랑을 주는게
훨씬 더 달콤하다는걸
처음 배웠어
두근대 내 심장이
넌 대체 누군데
매순간 날 느낌표 짓게해
놀던 내감정이 분주해
늦었어 난 그걸
숨겨 보려했지만
절대 불가능
널 보면 너무 들떠
안전거리 확보가 안돼
내 몸이 자꾸 네게로부터
발이 안 떨어져
너란 세계로부터
ma lady 나 널 갖고놀래
더 가까이와 널 꼭 안을래
마침 딱 분위기 좋아
두 눈은 감을래
I wanna be with you
사실은 나 숨기려 해도
두근거림은 감출 수 없어
숨이 딱 멎을거 같아
숨쉴 수가 없어
Baby 걱정따윈 없어
너와 함께 있으면
I'll let you know
that you're attraction
이젠 알았으면 해
tell me what i must do
tell me anything ill do
my heart is true
girl i gotta make you
mine tonight
ma lady 나 널 갖고놀래
더 가까이와 널 꼭 안을래
마침 딱 분위기 좋아
두 눈은 감을래
I wanna be with you
사실은 나 숨기려 해도
두근거림은 감출 수 없어
숨이 딱 멎을거 같아
숨쉴 수가 없어",2,분노,50.28%
418598,친구라도 될 걸 그랬어,거미,"벌써 넌 내가 편하니
웃으며 인사 할 만큼
까맣게 나를 잊었니
네 곁에 있는 사람 소개할만큼
견디긴 너무 힘든데
자꾸만 울고 싶은데
내 옆이 아닌 자리에
너를 보고 있는게
왜 그게 행복한걸까
친구라도 될 걸 그랬어
모두 다 잊고서
다른 사람 만나는
널 보아도 슬프지 않게
그저 바라보고 있었어
한참동안 네 옆에 그 사람까지도
잠시라도 더 보려고
다시 혹시라도 널 보게되면
그땐 모르는 척 해볼게
웃어도 볼게 지금의 너처럼
눈 감지 말고 보낼 걸
가는 널 꼭 지켜볼 걸
차가운 너의 걸음에
마지막 내 눈물도
묻혀서 보내버릴 걸
너무 모진 너의 모습이
미워져 버려서 다른 사람 만나는
널 보아도 슬프지 않게
그저 바라보고 있었어
한참동안 네 옆에 그 사람까지도
잠시라도 더 보려고
다시 혹시라도 널 보게되면
그땐 모르는 척 해볼게
웃어도 볼게 지금의 너처럼
차라리 잘된 것 같아
다시 널 또 한번
미워할 수 있을테니
혹시 아직 너도 나처럼
편해지지 못하고
아파만 하는 거니
애써 너도 참는거니
혹시 네가 다시 돌아올까봐
나의 곁은 아직 그대로
비워져 있어 너의 자리라서",2,분노,50.44%
35268787,"낭만교향곡 (Feat. CHANGMO, 박재범)",BIG Naughty (서동현),"힙합보단 클래식 첼로를
2Pac보다 멘델스존을
좋아하는 널 위해
스네어 킥 클랩 전부 뺐어
집밥보다 인스턴트를
로맨스보단 코미디를
좋아하던 내가
어제는 타이타닉에 눈물을 훔쳤어
I can be your Bach
I can be your Chopin
I can be your Brahms
Ludwig Van Beethoven
I can be your Schubert
Rachmaninoff
Shostakovich
Vivaldi or Debussy
Everything you want girl
Just tell what you want
Any kind of song
Doesn’t matter if it’s classic
I can be your Wagner
I can be your Haydn
Tchaikovsky
Want your little kiss
피아노 앞에 5분도 못 있었던
그 꼬맹이가 이젠 노래를 불러
엄마 때문에 했었던 기악합주부
덕에 오랜만에 클라리넷을 불어
까만 연미복의 남자는 아니지만
힙합밖에 모르는 그런 나지만
하지만 널 위해서라면
난 뭐든 될 수가 있어
Bill Evans Chet Baker도
노래를 불러
따다다다다
빠바바바바
트럼펫 소리
뿌부부부부
Everything you want girl
Just tell what you want
노래를 불러
따다다다다
빠바바라바
트럼펫 소리
뿌부부부부
Any kind of song
Doesn’t matter if it’s classic girl
이젠 소년이라는 말이 효과를 발하지 않는 게
좀 섭섭해도
몇 년 전과 달리 겸허해
강마에 이후 최고 마에스트로라고 불리던
때가 어젠데
그 어제가 네 어제가 아니었구나,
시간은 참 빨리 가
그녀는 말해 그때 창모는 도대체 어땠을까?
Baby girl, 그 질문에 대답했어 만날 동안
잘 까먹으니 상기시킬 게
Let me go with my flow, umm
너 앞에선 꼭 멋쟁이
같은 곡만 연주해
Haydn, Bach, Beethoven
치는 조성진인 척해
아 또 틀렸네
사랑한단 말 잘 못해,
남사스럽게 ‘사랑해’ 하긴 했다
내 페라리 조수석에
우리가 돈 걱정 없이 맨날 데이트해도
난 쌓고 싶어
낙산 데려가 널 위한 모래성
나 지금 9천만원짜리 시계를 찼지만 안 정확해
네 빈 시간이 내 시, 분, 초, Love
노래를 불러
따다다다다
빠바바바바
트럼펫 소리
뿌부부부부
Everything you want girl
Just tell what you want
노래를 불러
따다다다다
빠바바라바
트럼펫 소리
뿌부부부부
Any kind of song
Doesn’t matter if it’s classic girl
If you want, I can be your Mozart and Brahms
If you want, I can be your Yuki, Yiruma
If you want, can I be your 창모?
몰랐겠지만 나 형 랩 잘 따라 불러
If you want, I can be your DOK2 and The Quiett
If you want, 말해 뭐해, 다 돼 주고파요
난 다섯 살일 때
사춘기가 올 때
스물아홉, 일흔 살이 돼도
똑같을 걸 너에 대해
난 Classical 음악은 몰라도 I’ll be your classic baby
네 입술이 틀 때 Girl I can be your chapstick
I’m not being drastic 이 순간이 마치 매직처럼
날아다니는 기분 Put me in a casket
네 품속에 죽으면 죽어도 여한이 없지
It’s ok girl just trust me
냉정했던 내 마음 지금은 사랑이 가득 찼지
널 위해서 내 명곡을 다 썼지
All I wanna do
꽉 안아주고 멈추고 싶어
Baby girl JOAH
네 모든 것이 JOAH yeah
I'm just going crazy for yah
GA NA DA RA MA BA SA
단순해 like 1 2 3
몸 몸 몸매
오늘 밤에 you can come see me
힙합보단 클래식 첼로를
2Pac보다 멘델스존을
좋아하는 널 위해
집밥보다 인스턴트를
로맨스보단 코미디를
좋아하던 내가
어제는 타이타닉에 눈물을 훔쳤어",2,행복,51.46%
9613173,목요일 밤 (Feat. 빈지노),어반자카파,"평범한 목요일 밤
널 데려 갈게 어디든
일주일 중에 네가
제일 지쳐 있을 오늘
Wanna drive
If you don’t mind
둘이서 갈래 어디든
밤을 가득 채울
너와 나 그 곳을 향해 향해
Wherever you want
이리 저리 치이다
정해진 모든 걸 해내도
하나도 웃음 안 나고
또 올 내일이 두렵고
밤은 좀 남았는데
어떻게 써야할지 모르고
너와 함께 밤공기를
느끼고 파
지금 데리러 갈게
집에 가지 말고 있어줘
baby I’m on my way
Maybe I’ll be there by 8
왜 너가 차빌 내야해
좋은 음악이 있는
오빠 차가 있잖아
물론 내일 일찍
일 나가야해
이런 실랑이 할 시간에
조금이라도 널 봐야해 난
호흡이 딸리는 목요일 밤
널 생각하면서 달려가 난
평범한 목요일 밤
널 데려 갈게 어디든
일주일 중에 네가 제일
지쳐 있을 오늘
Wanna drive
If you don’t mind
둘이서 갈래 어디든
밤을 가득 채울 너와 나
그 곳을 향해 향해
Wherever you want
어디든 데려다 줄게
건반처럼 가로등을
가로지르며
너의 하룰 들으며
그랬어 그러면서
너를 괴롭혔던
바깥 세상의
밤 공기를 밀며
창 밖에 내던진 음악처럼
한강엔 별과 달이 시간과
똑같이 흐르고 있어
우린 느낄 수 있어 둘이서
앞으로 더 많은 목요일에
도착할 거란 걸
평범한 목요일 밤
널 데려갈게 어디든
Wherever you want
어디가 됐건
Whatever you want
그 무엇이 됐건
Let’s go Let’s go
Wanna drive
If you don’t mind
둘이서 갈래 어디든
Wherever you want
Wherever we want
Wherever I want
Wherever you want
we’re going to yo
바람을 더 느끼게
창문을 더 활짝 열어줘
아무 말 필요 없어
그냥 나를 믿어
Give it up Baby
Wanna drive
If you don’t mind
둘이서 갈래 어디든
밤을 가득 채울
너와 나 그 곳을 향해 향해
Wherever you want
Wherever you want
Wherever we want
Wherever I want
Wherever you want
we’re going to yo
Wherever you want
Wherever we want
Wherever I want
Wherever you want
we’re going to yo",2,분노,50.49%
7953958,우주를 건너,백예린 (Yerin Baek),"혼자서 널 기다릴 때면
나 혼자 다른 행성에 있는 듯 해
여기서 네가 있는 곳까지
얼마나 오래 걸릴지
난 궁금해 상상이 안돼
내게 좀 더 빨리 와줘
그대가 없는 이 곳은
내게는 너무 캄캄해
나 여기서 두 팔 벌려
그대를 안아줄 준비가 돼있어
너와 나 사이의 우주를 건너 내게로
would you like to come over to me
너와 나 사이의 우주를 건너 내게로
날아 와줘 더 이상 기다리게 하지마
I’m waiting for you now eh eh
Baby I need you now eh eh
I’m waiting for you now eh eh
Baby I need you now
저 멀리 널 보고 있으면
너와 나는 다른 생각을 하는 듯 해
여기서 언제까지
난 기다리고 있어야 하는지
궁금해 답답하기만 해
내게 지금 빨리 와줘
그대가 없는 이 곳은
내게는 너무 막막해
꼭 잡은 손 그대를
놓치지 않을 준비가 돼있어
너와 나 사이의 우주를 건너 내게로
would you like to come over to me
너와 나 사이의 우주를 건너 내게로
날아 와줘 더 이상 기다리게 하지마
I’m waiting for you now eh eh
Baby I need you now eh eh
I’m waiting for you now eh eh
Baby I need you now
멀리 있는 것만 같아도
손 내밀면 잡힐 듯한 그대 그림자
그댈 꼭 안고 내 마음
느낄 수 있도록
놓지 않을래
I’m waiting for you now
너와 나 사이의 우주를 건너 내게로
would you like to come over to me
너와 나 사이의 거리
그 사이의 우주 가득히
너로 채울게 나에게 다가와
I’m waiting for you now eh eh
Baby I need you now eh eh
I’m waiting for you now eh eh
Baby I need you now
Baby I need you now
Baby I need you now",0,분노,50.83%
30378156,팔레트 (Feat. G-DRAGON),아이유,"팔레트 (Feat. G-DRAGON)
이상하게도 요즘엔
그냥 쉬운 게 좋아
하긴 그래도 여전히
코린 음악은 좋더라
Hot Pink 보다 진한
보라색을 더 좋아해
또 뭐더라 단추 있는
Pajamas Lipstick
좀 짓궂은 장난들
I like it I'm twenty five
날 좋아하는 거 알아
I got this I'm truly fine
이제 조금 알 것 같아 날
긴 머리보다 반듯이 자른
단발이 좋아
하긴 그래도 좋은 날 부를 땐
참 예뻤더라
오 왜 그럴까 조금
촌스러운 걸 좋아해
그림보다 빼곡히 채운
Palette 일기 잠들었던 시간들
I like it I'm twenty five
날 미워하는 거 알아
I got this I'm truly fine
이제 조금 알 것 같아 날
어려서 모든 게 어려워
잔소리에 매 서러워
꾸중만 듣던 철부지 애
겨우 스무고개 넘어
기쁨도 잠시 어머
아프니까 웬 청춘이래
지은아 오빠는 말이야
지금 막 서른인데
나는 절대로 아니야
근데 막 어른이 돼
아직도 한참 멀었는데
너보다 다섯 살 밖에 안 먹었는데
스물 위 서른 아래
고맘때 Right there
애도 어른도 아닌 나이 때
그저 나일 때
가장 찬란하게 빛이 나
어둠이 드리워질 때도 겁내지 마
너무 아름다워서 꽃잎 활짝 펴서
언제나 사랑 받는 아이 YOU
Palette 일기 잠들었던 시간들
I like it I'm twenty five
날 좋아하는 거 알아
I got this I'm truly fine
이제 조금 알 것 같아 날
아직 할 말이 많아
I like it I'm twenty five
날 미워하는 거 알아
I got this I've truly found
이제 조금 알 것 같아 날",2,분노,50.24%
37570454,Taxi Blurr (Feat. 나띠 of KISS OF LIFE),박재범,"당장 택시 불러
Baby girl just pull up
난 지금 취해서
데리러 가지 못해 미안해
With some good times
내가 꼭 보답할게
당장 택시 불러
Baby girl just pull up
난 지금 취해서
데리러 가지 못해 미안해
With some good times
내가 꼭 보답할게
I want you to pull up
Pull up on me
목소리 듣는 것만으로 부족해
Baby girl just pull up
Pull up on me
입술을 한 번 맞춰 부드럽게
몇 신지도 모르게
시간이 계속 흘러
잔을 들고 let’s toast
분위기는 wavy
느껴지는 너의 파도
But we ain’t on a boat
초를 키고 장미 너의 입에 물어
오늘 밤의 테마는 낭만
머릿속에 캡처해 찰칵
너만 꺼낼 수 있는 감정 yeah
Just take me away
너에게 빠져 버리고 싶어
기다릴게
Please don’t make me wait
당장 택시 불러
Baby girl just pull up
난 지금 취해서
데리러 가지 못해 미안해
With some good times
내가 꼭 보답할게
당장 택시 불러
Baby girl just pull up
난 지금 취해서
데리러 가지 못해 미안해
With some good times
내가 꼭 보답할게
넌 또 나를 불러 불러 prolly
목소리 듣는 것만으로 부족해
Always 나를 불러 불러 prolly
머리론 알겠지만 또 그렇게
너의 부족한 그 참을성조차
Yeah that’s the typa guy l like
That’s the typa guy l like
항상 나만 찾아 그 무엇보다
Even when you’re just right by my side
When you’re just right by my side
But why you’re thinkin' of me?
너무 뻔해 시간은 이미 열두 시
Yeah it’s over
So put my phone DND
When you’re sober
내가 연락할 테니
당장 택시 불러
Baby girl just pull up
난 지금 취해서
데리러 가지 못해 미안해
With some good times
내가 꼭 보답할게
당장 택시 불러
Baby girl just pull up
난 지금 취해서
데리러 가지 못해 미안해
With some good times
내가 꼭 보답할게
I’m just falling into you
No matter what
Baby I can’t lose you
I’m just falling into you
Hit me up again
당장 택시 불러
Baby girl just pull up
난 지금 취해서
데리러 가지 못해 미안해
With some good times
내가 꼭 보답할게
당장 택시 불러
Baby girl just pull up
난 지금 취해서
데리러 가지 못해 미안해
With some good times
내가 꼭 보답할게",1,분노,50.69%
5389475,양화대교,Zion.T,"우리 집에는
매일 나 홀로 있었지
아버지는 택시드라이버
어디냐고 여쭤보면 항상
양화대교
아침이면 머리맡에 놓인
별사탕에 라면땅에
새벽마다 퇴근하신 아버지
주머니를 기다리던
어린 날의 나를 기억하네
엄마 아빠 두 누나
나는 막둥이 귀염둥이
그 날의 나를 기억하네
기억하네
행복하자
우리 행복하자
아프지 말고 아프지 말고
행복하자 행복하자
아프지 말고 그래 그래
내가 돈을 버네 돈을 다 버네
엄마 백원만 했었는데
우리 엄마 아빠 또 강아지도
이젠 나를 바라보네
전화가 오네 내 어머니네
뚜루루루 아들 잘 지내니
어디냐고 물어보는 말에
나 양화대교 양화대교
엄마 행복하자
아프지 말고 좀 아프지 말고
행복하자 행복하자
아프지 말고 그래 그래
그 때는 나 어릴 때는
아무것도 몰랐네
그 다리 위를 건너가는 기분을
어디시냐고 어디냐고
여쭤보면 아버지는 항상
양화대교 양화대교
이제 나는 서있네 그 다리 위에
행복하자
우리 행복하자
아프지 말고 아프지 말고
행복하자 행복하자
아프지 말고 그래
행복하자 행복하자
아프지 말고 아프지 말고
행복하자 행복하자
아프지 말고 그래 그래",2,분노,51.46%
8005879,Dream (Prod. by 박근태),수지 (Suzy),"예쁘네 오늘도 어제만큼
아니 오늘은 더 예뻐졌네
이런 말을 할 때마다 너는
못 들은 척 늘 딴 얘기를 해
어젠 너무 좋은 꿈을 꿨어
지금 말해주긴 간지러워서
말하기 싫어
그리고 이런 건 말하면 안 된대
dream 다신 꾸지 못하는
너무 기분 좋은 꿈
나는 니가 꼭 그런 거 같은데
dream 종일 아른거리는
너무 기분 좋은 꿈
그게 바로 너
우리 둘 너무 잘 어울린대
I know she knows
사실 내가 봐도 그래
근데 가끔 불안한 기분이 들 땐
혼자서 울적해
hmm 거짓말 그렇게 자신 있는
얼굴을 하고 있으면서
하지만 듣기엔 참 좋다 그렇긴 하네
dream 다신 꾸지 못하는
너무 기분 좋은 꿈
나는 니가 꼭 그런 거 같은데
dream 종일 아른거리는
너무 기분 좋은 꿈
그게 바로 너
well I don’t care
even if you’re a sweet liar
well I don’t care
cause I will make you believe
dream 지금 그런 눈으로
나를 바라볼 때면
나는 니가 꼭 내 것 같은데
dream 다시 잠들고 싶은
너무 기분 좋은 꿈
그게 바로 너",2,행복,50.59%
37463420,Honestly,RIIZE,"아무리 애써 봤자 뛰지 않는 Heart
아무리 애써봐도 그대로인 걸
오히려 잘 된 것만 같아
I’m giving my love to myself
난 변할 테니까
최선을 다했으니 후회 없어 난
내 우선순위 속 넌 없어 더 이상
이젠 분명해
You gave me the alarm
내 전부였던 네게 말할게
Goodbye
You were my angel
영원하자 했던 그때의 날 잊어
Such a cruel way to end us
이젠 당겨버린 이별이란 Trigger
Honestly all I need is me
난 너 없이 더 자유로워 Free
Honestly I know you didn’t see
Now I can be what I just wanna be
I know you tryna reach me
through my friends
You know 두 번은 속지 않아
This is the end oh
실수라는 변명 따윈 No more
And I don’t know why you
gotta deny your feelings
One of these days I know you
gonna get that healing
더는 그만 괴롭혀
Overthinking and thinking
Why you slipping and slipping skip it
아름답던 우리의 추억만 Keep it
You were my angel
너로 가득했던 나를 모두 지워
Such a cruel way to end us
돌이킬 수 없어 이별이란 Trigger
Honestly all I need is me
난 너 없이 더 자유로워 Free
Honestly I know you didn’t see
Now I can be what I just wanna be
All I need is me yeah
I’ll be good for me yeah
깨달았어 네 덕분에 이제야
You were the king of my city
I’ve been burning my town
너만을 비추던 내 두 눈이
이젠 더 먼 곳을 바라보지
더 이상 내 세상에 너는 없다는 걸
Cause girl I gotta tell you honestly
Honestly all I need is me
난 너 없이 더 자유로워 Free
Honestly I know you didn’t see
Now I can be what I just wanna be",2,행복,52.15%
665226,귀로,나얼,"화려한 불빛으로 그 뒷모습만 보이며
안녕이란 말도없이 사라진 그대
쉽게 흘려진 눈물 눈가에 가득히 고여
거리는 온통 투명한 유리알속
그대 따뜻한 손이라도 잡아볼수만 있었다면
아직은 그대의 온기 남아있겠지만
비바람이 부는 길가에 홀로 애태우는 이자리
두뺨엔 비바람만 차게 부는데
사랑한단 말은 못해도
안녕이란 말은 해야지
아무말도 없이 떠나간
그대가 정말 미워요
그대 따뜻한 손이라도 잡아볼수만 있었다면
아직은 그대의 온기남아 있겠지만
비바람이 부는 길가에홀로 애태우는 이자리
두뺨엔 비바람만 차게 부는데
사랑한단 말은 못해도
안녕이란 말은 해야지
아무말도 없이 떠나간
그대가 정말 미워요
사랑한단 말은 못해도
안녕이란 말은 해야지
아무말도 없이 떠나간
그대가 정말 미워요",2,행복,52.83%
35953743,이제 우리 꿈에서만 만나,Yyeon,"날 원한다는 말에
바보같이 난 fall in
하지만 넌 안 미안해
빠진 내가 잘못이래
네가 보던 tv
네가 좋아했던 젤리
또 미련 남은 편지
이러면 너는 편한지
시간이 없다 해서 맞췄잖아
그래 네 말대로 다 해줬잖아
그런데 뭐가 또 그리 불편해 불쾌해
날 보면 쉽게 풀리게 돼?
팔다리가 아프다 해서 데려다 줬잖아
원한다 했던 거 다 해줬잖아
뭘 원하는지 모르겠잖아
날 원하는게 맞는 건지
You say afraid it
my rain is so wavy
I found me surrounded
You say afraid it
my rain is so wavy
I found me surrounded
이제 우리 꿈에서만 만나 (꿈에서만 만나)
우리 꿈에서만 만나 (꿈에서만 만나)
이제 너는 far
이제 우리 꿈에서만 만나 (꿈에서만 만나)
우리 꿈에서만 만나 (꿈에서만 만나)
이제 너는 far
이제 우리 꿈에서만 만나
(간주중)
You say afraid it
my rain is so wavy
I found me surrounded
이제 우리 꿈에서만 만나 (꿈에서만 만나)
우리 꿈에서만 만나 (꿈에서만 만나)
이제 너는 far
이제 우리 꿈에서만 만나 (꿈에서만 만나)
우리 꿈에서만 만나 (꿈에서만 만나)
이제 너는 far
이제 우리 꿈에서만 만나",2,행복,50.69%
30948698,꽃 길,BIGBANG (빅뱅),"그땐 참 좋았는데 말이야
너와 함께할 수만 있다면
때론 외롭고 슬퍼도 말이야
너와 같이 할 수만 있다면
Sing it na na na
노래해 나나나
우리 이게 마지막이 아니야
부디 또 만나요 꽃이 피면
때론 꽤 별난 일이 많아
넌 나 같이 못난 놈을 만나
다시 누군갈 사랑할 수 있을까
너 아니라면 그럴 일은 없을 것 같아
나 의식 없이 발길 흐름대로 가던 길
날 화려히 비춰주던 네 빛 한줄기
그 전율이 느껴지는 예쁜 꽃 길
그곳에 너로 인해 설수 있던
Roly poly toy
떠나려거든 보내 드리오리다
님이 가시는 길에 꽃을 뿌리오리다
그리워지면 돌아와 줘요
그때 또 다시 날 사랑해줘요
이 꽃 길 따라 잠시 쉬어가다가
그 자리 그곳에서 날 기다려요
그땐 참 좋았는데 말이야
너와 함께할 수만 있다면
때론 외롭고 슬퍼도 말이야
너와 같이 할 수만 있다면
많이 울기도 했지만 웃은 일도 많아
내 머릿속 안에는 추억이 너무 많아
이 또한 지나갈 테니까
이 다음에 만나요 꽃이 피면
1년 365 이 세상 하나뿐인
넌 내 음악의 Motive
날 일깨워주는 은인
네 커다란 꽃밭에 기대어
막 떠오르던 가사말
아직도 참 생생해 빠담빠담
너란 만개 한
꽃의 색은 100000 개
무한대 거대한 울림
Vivaldi의 사계
아직도 그댄 내 맘에
담을 수 없는 그림
내 눈을 의심하지
You are my Magical Queen
떠나려거든 보내 드리오리다
님이 가시는 길에 꽃을 뿌리오리다
그리워지면 돌아와 줘요
그때 또 다시 날 사랑해줘요
이 꽃 길 따라 잠시 쉬어가다가
그 자리 그곳에서 날 기다려요
꽃 잎 따다 입을 맞추죠
얼굴은 빨개지고
꽃 길을 깔아 준비를 하죠
그대가 오시는 길
그리워지면 돌아와 줘요
그때 또 다시 날 사랑해줘요
이 꽃 길 따라 잠시 쉬어가다가
그 자리 그곳에서 날 기다려요
꽃 잎 따다 입을 맞추죠
얼굴은 빨개지고
꽃 길을 깔아 준비를 하죠
그 자리 그곳에서 날 기다려요",2,분노,50.26%
33167063,밝게 빛나는 별이 되어 비춰줄게,송이한,"우리의 모든 순간이
애틋해 눈물 날 때면
언제나 네게 닿을 수 있게
가까이서 머물게
유난히 더 힘든 날엔
더 이상 외롭지 않게 안아줄게
영원히 내 품에 너를 간직할게
세상이 널 외면해도
모두가 저버린대도
항상 곁에서 변함없이 늘 있어줄게
밝게 빛나는 별이 되어
너를 비춰줄게 매일
어두워 헤맬 때도
앞이 두려워도
언제나 널 지켜줄게
세상이 널 아프게 할 땐
내가 안아줄게 매일
포근한 바람으로
따듯한 햇살로
난 널 지켜줄게 매일
너의 모든 시간 속에 내가 함께할게
오직 너를 위한 소중한 꿈을 담아
밝게 빛나는 별이 되어
너를 비춰줄게 매일
어두워 헤맬 때도
앞이 두려워도
언제나 널 지켜줄게
세상이 널 아프게 할 땐
내가 안아줄게 매일
포근한 바람으로
따듯한 햇살로
난 널 지켜줄게
네가 걸어가는 그 길 따라
수많은 별이 되어 비춰줄게
눈부시게 또 아름답게
너를 비춰줄게 매일
세월이 흐른대도
시간이 지나도
언제나 널 사랑할게
영원히 너만을 빛나게
내가 비춰줄게 매일
길고 긴 시간 속에서
찾아올 끝에도
너를 사랑할게 매일",2,분노,50.44%
1500196,내사람,SG 워너비,"내 가슴속에 사는 사람 내가 그토록 아끼는 사람
너무 소중해 마음껏 안아보지도 못했던
누구에게나 흔한 행복 한 번도 준적이 없어서
맘 놓고 웃어본 적도 없는 그댈 사랑합니다
내가 기쁠 때나 슬플 때나 함께 울고 웃어주던
그댈 위해 내가 할 수 있는건 뭐든 해주고 싶어
안녕 내 사랑 그대여 이젠 내가 지켜줄게요
못난 날 믿고 참고 기다려줘서 고마워요
안녕 내 사랑 그대여 영원토록 사랑할게요
다시 태어나서 사랑한대도 그대이고 싶어요
어두운 밤길을 잃어도 서로 등불이 되어주고
비바람 몰아쳐도 지금 잡은 두 손 놓지 말아요
내가 힘들 때나 아플 때나 내 곁에 있어준 그대
미안하단 말로 고맙단 말을 대신 하던 나였죠
안녕 내 사랑 그대여 이젠 내가 지켜줄게요
못난 날 믿고 참고 기다려줘서 고마워요
안녕 내 사랑 그대여 영원토록 사랑할게요
다시 태어나서 사랑한대도 그대이고 싶어요
넘어지고 몇 번을 다시 넘어진다 해도
그대만 있다면 다시 일어날 수 있는데
< 간주
안녕 내 사랑 그대여 이젠 내가 지켜줄게요
못난 날 믿고 참고 기다려줘서 고마워요
안녕 내 사랑 그대여 이렇게 그댈 부를 때면
너무 행복해서 눈물이 나죠 사랑해요
< Ending Chorus",2,분노,50.19%
33542479,"하나,둘 (Feat. 펀치 (Punch))",김승민,"우리 많이 사랑했었던
그 시간 속에 나는 아직도
남아있는 것만 같아서
매일매일 괴로워
우리 같이 걷던 거리도
공사 중이라 발을 돌리고
그대로 아름다웠던
우리 추억과 등을 돌렸어
나는 되는 중이야 달이
저 밤하늘에 걸린
밝은 달처럼 나 성공할 거야
생각보다 너를 멀리 떠나보낸 밤이
다시 오지 않도록 약속했잖아
너와 데이트하던 별거 없던
수성 호수 공원에
널 추억하며 담배를
하나 물고 걸어 다녀 거리에
비가 올 때면 투명한
그 조그마한 우산에
붙어있던 게 이제 와서야
나 그리워져
너와의 추억이 담긴 거리에
남아있는 사랑을 지우려 해
떠나보냈던 너가 이 자리에
잔상처럼 남아서 날 힘들게
I need to go 널 지우고
사랑했었던 행복했었던
추억들을 지우려 해 하나 둘
하나 둘 널 지워야만 했던
많은 시간들 난 애썼어
너가 선물했었던 미소가 보이질 않네
내 거울엔 온통
나쁜 표정뿐인 걸
돌아봐요 많은 행적들
혹여라도 네가 전부를
지우려 한다면 다 치우려 한다면
힘든 척 날 지우는 게
그리도 쉽게 되는 건지
그걸로 괜찮은 건지
넌 정작 내겐 아무 말 안 건넸잖아
마지막조차 등 떠밀듯이
너와의 추억이 담긴 거리에
남아있는 사랑을 지우려 해
떠나보냈던 너가 이 자리에
잔상처럼 남아서 날 힘들게
I need to go 널 지우고
사랑했었던 행복했었던
추억들을 지우려 해 하나 둘
못된 일이 우리를 덮치게
놔둔 것만 같아 다
지우고 널 비우면
그건 사랑했었던 걸까
너와의 추억이 담긴 거리에
남아있는 사랑을 지우려 해
떠나보냈던 너가 이 자리에
잔상처럼 남아 그게 날 힘들게 해
I need to go 널 지우고
사랑했었던 행복했었던
추억들을 지우려 해 하나 둘",2,분노,50.99%
36351997,사람 Pt.2 (feat. 아이유),Agust D,"So time is yet now
Right here to go
I know you know
Anything does know
So time is yet now
Right here to go
Nobody doesn’t know anymore
사랑이라는 말
어쩌면 순간의 감정의 나열
조건이 붙지 나는 무얼 사랑하는가
충분히 사랑받지 못한 아이
그래서 무엇보다 신중한 타입
나는 말야 원해 진중한 사이
알잖아 영원은 모래성
잔잔한 파도에도 힘없이 쉽게 무너져
상실은 무엇 때문에 슬픈 걸까
사실은 두려운 게 슬픈 거야
So far away, you’re gone
Getting far away
Too far away, you’re gone
I know I have to know
So time is yet now
Right here to go
I know you know
Anything does know
So time is yet now
Right here to go
Nobody doesn’t know anymore
당신은 무엇 땜에 슬픈 걸까
사실은 두려움이 큰 거잖아
함께 미래를 그리던 우리는 없고
쌓은 모래성들을
부숴 버린 것은 우린 거야
승패가 없는 게임이라지만
난 언제나 game loser
모든 걸 주겠다던 우린 모든 것을 부셔
그리고 떠나지 사랑이든 사람이든
모두가 이기적이기 때문이야
So far away, you’re gone
Getting far away
Too far away, you’re gone
I know I have to know
So time is yet now
Right here to go
I know you know
Anything does know
So time is yet now
Right here to go
Nobody doesn’t know anymore
떠가는 사람 떠가는 사랑
사랑의 끝은 과연 무엇일까
수많은 사람 스쳐간 사랑
사랑은 사랑으로 완벽할까
그래 말야 이타적인 게 어쩌면
되려 이기적이네
널 위해 한다는 말은 곧 내 욕심이기에
욕심을 버리면 행복해질 건가
채우지 못한 반쪽짜리 허상
삶은 저항과 복종 사이의 싸움이라는데
내가 보기에는 외로움들과의 싸움이네
눈물이 터져 나오면 그대 울어도 돼
(울어도 돼)
당신은 사랑받기에도 이미 충분한데
So time is yet now
Right here to go
I know you know
Anything does know
So time is yet now
Right here to go
Nobody doesn’t know anymore",2,행복,50.30%
36472351,한강에서 (Feat. BIG Naughty),폴킴,"기억나 이 자리에서
널 바라보고 있었는데
한 발짝 옆에선 네가
날 바라보는 게 믿기지 않아
닿을 듯 말 듯 한
이 거리 이 느낌
심장은 터질듯해
사랑이라 말하긴 이르지만
이 노랠 빌려 너에게 말할게
흥얼대는 너의 그 목소리에
설레는 맘 좀 취한 것 같애
한강에서
널 기다릴게
한강에서
오늘을 기억할게
한강에서
난 한강갱
너는 폴킴
취향은 물길처럼 갈리지만
굳이 티 안 낼게
어차피 지금 네 목소리 밖에는
난 안 들리니까
잠실보다 잠원이 더 좋지만
잠이 많은 네 침실에서 가까우니까
난 걷는 걸 별로 좋아하진 않지만
네가 좋다는데 뭐 어찌합니까
닿을 듯 말 듯 한
이 거리 이 느낌
심장은 터질듯해
사랑이라 말하긴 이르지만
이 노랠 빌려 너에게 말할게
흥얼대는 너의 그 목소리에
설레는 맘 좀 취한 것 같애
널 기다리는 하루는
그리움으로 물드니깐 오 나
너에게로 스며드는 걸
봄이 다시 온 것만 같아
사랑이라 말하긴 이르지만
이 노랠 빌려 너에게 말할게
흥얼대는 너의 그 목소리에
설레는 맘 좀 취한 것 같애
한강에서
언제까지 나와
널 기다릴게
한강에서
어제 아니
오늘을 기억할게",2,분노,51.19%
31674786,그건 아마 우리의 잘못은 아닐 거야,백예린 (Yerin Baek),"사실은 나도 잘 모르겠어
불안한 마음은 어디에서 태어나
우리에게까지 온 건지
나도 모르는 새에 피어나
우리 사이에 큰 상처로 자라도
그건 아마 우리의 잘못은 아닐 거야
그러니 우린 손을 잡아야 해
바다에 빠지지 않도록
끊임없이 눈을 맞춰야 해
가끔은 너무 익숙해져 버린
서로를 잃어버리지 않도록
나도 모르는 새에 피어나
우리 사이에 자주 아픔을 줘도
그건 아마 우리를 더 크게 해줄 거야
그러니 우린 손을 잡아야 해
바다에 빠지지 않도록
끊임없이 눈을 맞춰야 해
가끔은 너무 익숙해져 버린
서로를 잃어버리지 않도록
익숙해진 아픈 마음들
자꾸 너와 날 놓아주지 않아
우린 행복할 수 있을까
그러니 우린 손을 잡아야 해
바다에 빠지지 않도록
끊임없이 눈을 맞춰야 해
가끔은 너무 익숙해져 버린
서로를 잃어버리지 않도록",2,행복,51.06%
31843000,와르르 ♥,Colde (콜드),"가만 보면 너는 진짜 너무해
때론 날 무심하게 내팽게 친 채
불안함이란 벌을 내려줘
그럴 때면 난 길을 잃은 강아지가 돼
고개를 푹 숙인 채 걷네
그냥 난 네 품에 안겨있고 싶은데
날이 선 너의 말들에 찔려서
피가 났어 난
근데 걱정은커녕
혼자 낫는 법을 너는 알려줘
그러다가도 헷갈리게
가끔은 예쁨을 내게 줘
그럴 때면 나는 어떻게 해야 될지
몰라
난 와르르
무너지고 말아
나의 맘은
와르르
내게 이러지마 baby
너 없는 하루는
상상하기 조차 싫은 걸
아무것도 할 수 없을 걸
난 바보가 돼버릴거야
Baby
와르르
무너지고 말아
나의 맘은
와르르
내게 이러지마 baby
너 없는 하루는
상상하기 조차 싫은 걸
아무것도 할 수 없을 걸
난 바보가 돼버릴거야
분명히 나는 얘기했어
그 날 너에게 사랑을 말할 때
어떤 순간들이 우리를 찾아와도
흔들리지 않기로 해
근데 넌 파도를 타듯 ay
내 맘을 마구 휘젓네 ay
나 가라앉지 않게 구명조끼라도 줘
사랑은 나를 시험해
난 밀린 숙제 검사를 맡네
도저히 못 풀겠을 땐
그냥 너가 좀 알려줘 yeah
정답을 알게됐을 땐
환한 미소를 내게 줘
나를 정신 못 차리게
만들어줘
난 와르르
무너지고 말아
나의 맘은
와르르
내게 이러지마 baby
너 없는 하루는
상상하기 조차 싫은 걸
아무것도 할 수 없을 걸
난 바보가 돼버릴거야
Baby
와르르
무너지고 말아
나의 맘은
와르르
내게 이러지마 baby
너 없는 하루는
상상하기 조차 싫은 걸
아무것도 할 수 없을 걸
난 바보가 돼버릴거야",2,분노,51.04%
30349593,사랑이 잘 (With 오혁),아이유,"미리 말할게 사과는 안 해
아무 말 없이 너 후회 안 해
다 관심 없잖아 친구야 뭐야
Oh you know what to do
피곤해 그만 오늘은 놔 줘
더 이상 반복하긴 싫어
또 다 내가 나빠
아마 그래 난 널 미워하나 봐
사랑이 잘 안 돼
떠올려 봐도
피부를 비비고 안아봐도
입술을 맞춰도 참
생각대로 되지 않아
웃긴 것 같아
되돌려보려고 서로 모른 척해도
이제 와 우리가 어떻게
다시 사랑 같은 걸 하겠어
다섯 번째 미안하단 말이
이젠 너에게는 지겨운 건지
마지막일 거란 예감이 들어
Oh you know what to do
이건 내가 오늘 하루 종일
그린 저녁은 분명 아니야
널 보면 자꾸 네 안에 내가 보여서
이젠 내가 싫어
사랑이 잘 안 돼
떠올려 봐도
피부를 비비고 안아봐도
입술을 맞춰도 참
생각대로 되지 않아
웃긴 것 같아
되돌려보려고 계속 모른 척해도
이제 와 우리가 어떻게
다시 사랑 같은 걸 하겠어
어디야
넌 어디야
집이야
난 택시야
집에 거의 다 와가니
Oh 미안해
뭐 어떤 게
그냥 다
들어가
나 지갑 거기 두고 왔어
Oh 있잖아
아니야
말해 봐
이제 더 사랑하지 않는 것 같아
아
사랑이 잘 안 돼
떠올려 봐도
피부를 비비고 안아봐도
입술을 맞춰도 참
생각대로 되지 않아
웃긴 것 같아
되돌려보려고 서로 모른 척해도
이제 와 우리가 어떻게
다시 사랑 같은 걸 하겠어",2,분노,50.61%
36081382,친구로 지내다 보면 (Feat. 김민석 of 멜로망스),BIG Naughty (서동현),"친구로 지내다 보면
계속 네 옆에 있다 보면
언젠가는 나에게도
기회가 오지 않을까 했어
친구로 지내다 보면
네 눈에 비친 나를 보면
언젠가는 나의 눈에도
네가 있지 않을까 했어
친구로 지내다 보면
네 눈을 보고 있다 보면
슬픔이 드리워져
내 눈에는 네가 없어서
그땐 너무 취해서
아무 말이나 했어
잊어주면 해서
일부러 연락 피했어
기분이 뭣 같아서
위로해 줬으면 했어
근데 넌 헤어졌단 얘기를
하필 내 앞에서
알아 나도 너와 나
가질 수 없는 건
단 하나 다름 아닌
사랑이라는 그 사실을
알고 싶지 않은데
아니 끝내 믿고 싶지 않았는데
친구로 지내다 보면
계속 네 옆에 있다 보면
언젠가는 나에게도
기회가 오지 않을까 했어
친구로 지내다 보면
네 눈에 비친 나를 보면
언젠가는 나의 눈에도
네가 있지 않을까 했어
친구로 지내다 보면
심심하게 전한 미안하단 말과
씁쓸하게 답한 괜찮다는 나와 넌
뻔뻔하디 뻔한
결말로 끝나는 동화
울다 지쳐 잠든 나와
꼭 그때 울리는 네 전화
빽빽하지 너에 대한 기억이
한 켠에다가 다 모아 가지런히
한 번으로도 족한 Love story
아니 한 곡으론 부족한 Full story
백이면 백 다 맞춰줬지 네게
그 덕에 해가 지면 그제야 아침인 내 시계
또 아직 아물지 않은 상처에 흠집을 내는
너 덕에 웬만한 사랑엔 아프지 않아 이젠
친구로 지내다 보면
계속 네 옆에 있다 보면
언젠가는 나에게도
기회가 오지 않을까 했어
친구로 지내다 보면
계속 네 옆에 있다 보면
언젠가는 나에게도
기회가 오지 않을까 했어
친구로 지내다 보면
네 눈에 비친 나를 보면
언젠가는 나의 눈에도
네가 있지 않을까 했어
친구로 지내다 보면",2,분노,50.43%
37694433,나를 안아줘 (Love Like VIP),런치,"When I'm fallin in this love
Baby I can't see, but you
I don't need no other thing
oh baby come to me
When I'm fallin in this love
Baby I can't see, but you
Ain't no other thing I ask but you
Just come to me
뭐가 그렇게 우린
서로 좋았었는지
바라만 봐도
미소띈 표정에
자연스레 내 머릴
말려주곤 했었지
그럴땐 꼭 눈을 마주쳐
우린 뜨겁게 사랑을 밤새
내일이 없는 사람들 처럼
자기야 오늘 약속 있었잖아?
상관없어 난 너만 있음 돼
When I'm fallin in this love
Baby I can't see, but you
I don't need no other thing
oh baby come to me
When I'm fallin in this love
Baby I can't see, but you
Ain't no other thing I ask but you
Just come to me
네 품속에 안길 때
묘한 향 같은게
이상하게 난 그게 좋았나봐
너 없인 단 하루도
혼자 못 잘것 같아
이렇게 된 나를 안아줘
우린 매일이 새로운 사랑
잠시도 떨어질수는 없어
자기야 만약 나 없음 어떡해?
그땐 나도 없어 이 세상에
When I'm fallin in this love
Baby I can't see, but you
I don't need no other thing
oh baby come to me
When I'm fallin in this love
Baby I can't see, but you
Ain't no other thing I ask but you
Just come to me
Cuz I've never been in love
Oh baby wish you feel the same
Cuz I've never been in love you
I'll do the best that I can do
When I'm fallin in this love
Baby I can't see, but you
I don't need no other thing
oh baby come to me
When I'm fallin in this love
Baby I can't see, but you
Ain't no other thing I ask but you
Just come to me",2,분노,50.10%
37450609,Like I Do (Jay Park Remix),박재범,"That's a drop top coupe
Said you wanna drive it down real soon
I just wanna love you like I do
'Cause I never had someone like you
Ain't nobody got this love
Got me cuffed
Ain't nobody bae
All I need is love
I just wanna run away with you
살짝 미소 지어도
Driving me crazy
붙어있고 파
Everyday 매일
천억 짜리 회사 갖고 있지만
나는 너를 훨씬 아끼지 baby
Mayday
보고파 미치겠어
둘이 봐 오늘밤
Netflix 켜 와인 따고
Baby 짠하고 let’s play
That's a drop top coupe
Said you wanna drive it down real soon
I just wanna love you like I do
'Cause I never had someone like you
Ain't nobody got this love
Got me cuffed
Ain't nobody bae
All I need is love
I just wanna run away with you
Baby wanna let you know
You’re on my mind on mind
Do you know I’m thinkin’ bout you
All the time all the time
Lemme pull up to the place you at
I’ll give you my heart
Baby just give it back
Cause all I wanna do
Is f*ck you till the early morning
That's a drop top coupe
Said you wanna drive it down real soon
I just wanna love you like I do
'Cause I never had someone like you
Ain't nobody got this love
Got me cuffed
Ain't nobody bae
All I need is love
I just wanna run away with you
Can’t nobody love you like I do
Can’t nobody love you like I do
Can’t nobody love you like I do
Like I do",2,행복,51.91%
1469342,연,빅마마,"지금 어디있는지 아프지는 않는지
가슴 속에 담아 둔 말
전하고는 싶은데
도대체 넌 잡히지도
보이지도 않아
조금은 더 가까이
다가갈 순 없는지
가슴 깊숙히 차 오르는
너를 향한 마음에
그 어떤 말도 할 수 없는
인형 된 것 같아
아쉬운 맘 접어두고 날려보내도
사랑에 익숙한
나조차 목이 메어와
또 다시 찾아 온 아픔에
힘겨워 해도
기대 조차도 없는 사랑에
그냥 한번 웃어봐
아물지 않는 깊은 너의 빈자리
보낼 수 없는 강한 나의 욕심에
지쳐만 가는 너이기에
잡지도 못한 건
가슴 아파도 바보 같은 나라서
아쉬운 맘 접어두고 날려보내도
사랑에 익숙한 나조차
목이 메어와
또 다시 찾아 온 아픔에
힘겨워 해도
기대 조차도 없는 사랑에
그냥 한번 웃어봐
아물지 않는 깊은 너의 빈자리
보낼 수 없는 강한 나의 욕심에
지쳐만 가는 너이기에
잡지도 못한 건
가슴 아파도 바보 같은 나라서
모두다 한번 쯤은 겪는 일이라
처음엔 나도
아프지 않을 줄 알았어
하루하루 버텨가는 내 모습 보며
너란 사람 절대로 만날 수 없다고
아물지 않는 깊은 너의 빈자리
보낼 수 없는 강한 나의 욕심에
지쳐만 가는 너이기에
잡지도 못한 건
가슴 아파도 바보 같은 나라서",2,분노,52.08%
5576417,같은 시간 속의 너,나얼,"꼭 그러지 않아도
충분히 널 이해할 수 있어
다른 사람 곁에 서 있는 니 모습이
조금 어색하지만
다 버리지 않아도
어떻게든 이겨낼 수 있어
다른 사랑 찾아가버린 니 얼굴이
그렇게 밉진 않아
이제 우리 같은 시간 속을 남처럼
그렇게 걸으면 돼
달아나도 가지 못할 기억 안고
아무말도 하지마요
더는 안된다는거 잘 알아요
많은 날들이 아무 의미없진 않겠죠
멀어지는 바람처럼
우리 함께한 기억들을 꿈처럼
그렇게 안으면 돼
눈 감아도 잊지 못할 추억의 널 묻고
아무말도 하지마요
더는 안된다는거 잘 알아요
사랑했던 날 모두 사라지진 않겠죠
우릴 스치는 안개처럼
아무것도 묻지 않을게요
이대로 묻어둘래요 나는요
거짓말처럼 또 하루가 살아지겠죠
떨어지는
같은 시간 속의 너",1,행복,50.80%
36110998,7시에 들어줘 (Feat. Peder Elias),부석순 (SEVENTEEN),"알려줘 너의 오늘
찌뿌둥했던 아침부터
만원에 놓친 Bus
Taxi를 타야만 했었던
Rush hour
너의 표정 알고 싶어
산더미처럼 쌓인 일과 사람 관계
밥 먹고 나면 스르르 눈 감기는
너의 모습 궁금 너의 하루가 궁금해
좀처럼 마음대로 되지 않는 일들을
수학 문제처럼 풀지 못해도
우리 사이의 공식이 여기 있어 바로
7시에 만나 약속 장소 한강
달이 오기 전에 너랑 나 꼭 만나
우리 공식 답이 여기 우리 눈앞에 있잖아
긴 긴 하루 지나 우리 둘이 만나
농담거리에 지친 하루를 한잔
밤이 너무 빨리 온다
시간아 멈춰라
Be here with me
I’m tryna stay afloat but I’m in deep
Oh I’m so tired I can’t even sleep
Oh and I never prioritize my wants and needs
So it goes, on and on, just like a melody
And I keep saying okay
I never listen to my own heart
I do whatever they say
while looking like you’re happy as hell oh I
I really hope that you feel the same oh I tonight
Come meet me at seven
And stay ‘til eleven
But won’t go to bed then
Cause this feels like heaven
Yeah it’s true tho
Kinda cool so
Let’s just stay right here tonight
At seven in my house
We’ll sing both our lungs out
And dance to the moonlight
Cause everything feels right
Been a long day
But it’s okay
Cause at seven you will be
Be here with me",2,행복,52.48%
32251432,도망가자 (Run With Me),선우정아,"도망가자
어디든 가야 할 것만 같아
넌 금방이라도 울 것 같아
괜찮아
우리 가자
걱정은 잠시 내려놓고
대신 가볍게 짐을 챙기자
실컷 웃고 다시 돌아오자
거기서는 우리 아무 생각말자
너랑 있을게 이렇게
손 내밀면 내가 잡을게
있을까 두려울 게
어디를 간다 해도
우린 서로를 꼭 붙잡고 있으니
너라서 나는 충분해
나를 봐 눈 맞춰줄래
너의 얼굴 위에 빛이 스며들 때까지
가보자 지금 나랑
도망가자
멀리 안 가도 괜찮을 거야
너와 함께라면 난 다 좋아
너의 맘이 편할 수 있는 곳
그게 어디든지 얘기 해줘
너랑 있을게 이렇게
손 내밀면 내가 잡을게
있을까 두려울 게
어디를 간다 해도
우린 서로를 꼭 붙잡고 있으니
가보는 거야 달려도 볼까
어디로든 어떻게든
내가 옆에 있을게 마음껏 울어도 돼
그 다음에
돌아오자 씩씩하게
지쳐도 돼 내가 안아줄게
괜찮아 좀 느려도 천천히 걸어도
나만은 너랑 갈 거야 어디든
당연해 가자 손잡고
사랑해 눈 맞춰줄래
너의 얼굴 위에 빛이 스며들 때까지
가보자 지금 나랑
도망가자",2,행복,50.79%
9611490,너를 위해,첸 (CHEN),"다른 공간의 다른 시간이지만
내 사랑이 맞을거야
바람에 스치는 너의 향기로도
난 너인걸 알수 있어
but i don`t know
내 맘속에 언제부터 니가 산건지
i don`t know
너를 보면 설레는 이유
나를 스쳐 지나가도 돼
니가 날 다 잊었으니까
니가 기억할 때까지
나는 너를 기다릴테니까
그대여 나를 바라봐줘요
여전히 그대도 나를 사랑하나요
그대여 내눈을 보고 얘기해줘요
사랑하는 맘은 숨겨지지 않아요
너에겐 내가 곁에 있었단
사실을 절대로 잊지는 마
널 위해 모든걸 바칠 수 있었던
내 마음을 지우지마
but i don`t know
내맘속에 언제부터 니가 산건지
i don`t know
너를 보면 설레는 이유
나를 스쳐 지나가도 돼
니가 날 다 잊었으니까
니가 기억할 때까지
나는 너를 기다릴테니까
같은 공간 같은 시간 함께 있잖아
언제라도 내 곁에 와 너의 자리로
With you
너를 위해서
그대여 나를 바라봐줘요
여전히 그대도 나를 사랑하나요",2,행복,51.02%
32939152,MOVIE,JUNNY (주니),"What if it’s all just pretend
만약 서프라이즈 하듯 날 놀래키려는
계획이라면
이런 모든 상황이 설명이 돼
Why don't you trust
your own senses maybe
그럴 수밖에
모든 게 너무도 영화 같잖아
티켓을 끊지도 않았는데
what a wonderful scene
I hope it lasts forever
our running time is 9-5
매일같이 틀어줘 하나도 안 질리니까
oh suddenly my life has turned
around like a movie
it was once all black and white
but 이젠 네 미소가
무슨 색인지 알겠어
so won't you smile
I'm shooting a movie
이 전부가 정말 준비된 세트장이
아니라면 어떻게
how can a picture perfect
scene be born
너와 눈을 맞춘 장면은 climax
만약 음악만 흘러나온다면
no BGM
카메라만 없을 뿐 너와 난
분명히 original leading roles
티켓을 끊지도 않았는데
what a wonderful scene
I wish that it would last forever
our running time is 9-5
매일같이 틀어줘 하나도 안 질리니까
oh suddenly my life has turned
around like movie
it was once all black and white
but 이젠 네 미소가
무슨 색인지 알겠어
so won't you smile
i'm shooting a movie
Well I’m camera shy
부끄럼도 많은 바보 같은 내가
I wonder how we've come this far
our running time is 9-5
우린 마치 영화 속의
주인공 같으니까 ah
oh suddenly our life has turned
around like movie
it was once all black and white
왜 사람들은 사랑을 빨갛다고
말하는지 이제 알겠어
We’re shooting a movie",2,행복,51.87%
35335547,바다 가자,로지(ROZY),"저 푸른 하늘 아래
너와 내가 서 있고
부드런 백사장을 너와 함께 단둘이
단둘이 걷고 싶어
오직 너만 바라보면서
꽃잎이 휘날리던 그 순간
마치 영화 속 주인공처럼 넌
그렇게 꿀 떨어지는 미소 짓고
살며시 안아 주네요
푸른 바다 뜨거운 태양
낭만의 그곳으로 떠나요
모두 다 버리고 더 자유롭게
둘만의 여행을 떠나가요
바다에 뛰어들고 싶어
우리의 추억이 아름답게
내 눈앞에 파도가
더 달콤하게 느껴져요
둘만의 시간 둘만의 공간
너와 함께라면
모두 다 아낌없이
나의 사랑을 너에게만 줄게
밤 하늘 유난히도 빛났던
저 별들에게 이름을 새기고 우리만
좋아했었던 달콤했던
그 행복을 기억할게
푸른 바다 뜨거운 태양
낭만의 그곳으로 떠나요
모두 다 버리고 더 자유롭게
둘만의 여행을 떠나가요
바다에 뛰어들고 싶어
우리의 추억이 아름답게
내 눈앞에 파도가
더 달콤하게 느껴져요
꽃바람 불어오는 곳
우리의 달콤했던 그 시간도
언젠간 사라져
슬퍼 눈물이 나도
너와 함께 할 수 있다면
더 아름다워
내 눈앞에 파도가
더 달콤하게 느껴져요
둘만의 시간 둘만의 공간
너와 함께라면
모두 다 아낌없이
나의 사랑을 너에게만 줄게",2,분노,51.11%
34817660,아무래도 난,주시크 (Joosiq),"아무렇지 않게 내 하루가 또
지나갈 쯤에 문득
네가 없다는 게 익숙해진 내가
낯설어지곤 해 yeah
이제와 너 없는 난 의미 없다고
되돌릴 수 없는 우리겠지만
네가 좋아했던 그 노랠 우연히
듣게 됐어 아무래도 난
Baby I Need You
좀 늦었겠지만
다시 하고 싶어
여전히 I Need you
Need You
좀 어렵겠지만
너 없인 안돼 난
너도 알잖아
Baby I need you now
Baby I need you now
Baby I need you now
몇 곡의 노래로 너를 불렀을까
너도 들었겠지만
아직도 궁금해
내가 없이 보낸
너의 지금은 어때
이제와 너 없는 난 의미 없다고
되돌릴 수 없는 우리겠지만
네가 좋아했던 그 노랠 우연히
불러 봤어 아무래도 난
Baby I Need You
좀 늦었겠지만
다시 하고 싶어
여전히 I Need you
Need You
좀 어렵겠지만
너 없인 안돼 난
너도 알잖아
Baby I need you now
Baby I need you now
Baby I need you now
그때 네가 울던 한강 공원에서
네 눈물을 보고 닦아 주질 못했어
이런 게 떠올라 후회된 장면만
웃는게 예뻤던 너를
Baby I Need You
여전히 사랑해
내가 잘못했어
돌아와 I Need you
Need You
너도 그랬다고
나없이 안돼 넌
너도 알잖아
Baby I need you now
Baby I need you now
Baby I need you now",0,행복,51.76%
4082812,좋아 (JOAH),박재범,"Oh baby
너무 좋아서
You’re driving me crazy
니 생각만해도
기분이 좋아
기분이 좋아
기분이 좋아
Na Na Na
Na Na Na
이 느낌
너만 느끼게 할 수 있는
느낌
난 죽을때까지
느끼고 싶어
내 곁에 있어줘
아낄 수 있어
아낄 수 있어
언제나 너만 바라봐
나도 모르게
괜히 웃음이 나와
Oh baby baby baby baby
난 크게 소리
외치고 싶어
좋아
니 모든 것이 좋아
머리부터
발끝까지도
조그만 행동까지
하나 하나
다 좋아
니 모든 것이
좋아
너와 함께라면
즐거워
시간이 지날수록
더 좋아져
난 니가 필요해
매일같이 있게 해달라고
난 기도해
난 오직 너만이와
행복하게 살수가 있어
Break it down now
Come on no no
Ay girl
너와 함께면
하루 하루가
너무 특별해
Stay with me
forever
and ever
baby please
And girl
우리가 운명 아니어도
난 무조건 너야
You know that I got you
You know that I love you
I’ll always be with you baby
언제나 너만 바라봐
나도 모르게
괜히 웃음이 나와
Oh baby baby baby baby
난 크게 소리
외치고 싶어
좋아
니 모든 것이
좋아
머리부터
발끝까지도
조그만 행동까지
하나 하나
다 좋아
니 모든 것이
좋아
너와 함께라면
즐거워
시간이 지날수록
더 좋아져
난 니가 필요해
매일같이 있게 달라고
난 기도해
난 오직 너만이와
행복하게 살수가 있어
난 절대로
떨어지기 싫어
너를 보고 있어도
너무 보고 싶은걸
Huh No No No
내 곁에 항상 있어줘
My girl
I want you
and I need you
don't ever ever leave my side
좋아
니 모든 것이
좋아
머리부터
발끝까지도
조그만 행동까지
하나 하나
다 좋아
니 모든 것이 좋아
너와 함께라면
즐거워
시간이 지날수록
더 좋아져
난 니가 필요해
매일같이 있게 달라고
난 기도해
나 오직 너만이와
행복하게 살수가 있어
No no",2,행복,50.86%
31346009,삐삐,아이유,"Hi there
인사해 호들갑 없이
시작해요 서론 없이
스킨십은 사양할게요
back off back off
이대로 좋아요
balance balance
It's me 나예요 다를 거 없이
요즘엔 뭔가요 내 가십
탐색하는 불빛
scanner scanner
오늘은 몇 점인가요
jealous jealous
쟤는 대체 왜 저런 옷을 좋아한담
기분을 알 수 없는 저 표정은 뭐람
태가 달라진 건
아마 스트레스 때문인가
걱정이야 쟤도 참
Yellow C A R D
이 선 넘으면 침범이야 beep
매너는 여기까지
it's ma ma ma mine
Please keep the la la la line
Hello stuP I D
그 선 넘으면 정색이야 beep
Stop it 거리 유지해
cause we don't know know know know
Comma we don't owe owe owe owe
anything
I don't care
당신의 비밀이 뭔지
저마다의 사정 역시
정중히 사양할게요
not my business
이대로 좋아요
talk talkless
Still me 또예요
놀랄 거 없이
I'm sure you're gonna say
my gosh
바빠지는 눈빛
checki cheking
매일 틀린 그림 찾기
hash tagging
꼿꼿하게 걷다가 삐끗 넘어질라
다들 수군대는 걸 자긴 아나 몰라
요새 말이 많은 걔랑 어울린다나
문제야 쟤도 참
Yellow C A R D
이 선 넘으면 침범이야 beep
매너는 여기까지
it's ma ma ma mine
Please keep the la la la line
Hello stuP I D
그 선 넘으면 정색이야 beep
Stop it 거리 유지해
cause we don't know know know know
Comma we don't owe owe owe owe
anything
편하게 하지 뭐
어 거기 너 내 말 알아 들어 어
I don't believe it
에이 아직 모를 걸
내 말 틀려 또 나만 나뻐 어
I don't believe it
깜빡이 켜 교양이 없어 너
knock knock knock
Enough 더 상대 안 해
block block block block block
잘 모르겠으면
이젠 좀 외워 babe
Repeat repeat
참 쉽지 right
Yellow C A R D
이 선 넘으면 침범이야 beep
매너는 여기까지
it's ma ma ma mine
Please keep the la la la line
Hello stuP I D
그 선 넘으면 정색이야 beep
Stop it 거리 유지해
cause we don't know know know know
Comma we don't owe owe owe owe
anything",2,행복,50.88%
32243275,310,백예린 (Yerin Baek),"You smoked and you looked at me
넌 담배를 피며 날 쳐다봤어
I hate it when you do
난 네가 그럴 때가 싫더라
I said “no thanks” to you
난 됐다고 말했고
you asked me If I was okay,
넌 괜찮냐 물었지
what If I wasn’t
안 괜찮다면 뭐 어때
Leaving is fine
떠나도 괜찮아
It’s just I don’t wanna be all by myself again
난 그냥 또 다시 혼자가 되고 싶지 않은데
like every time, like every last time
항상 그랬듯, 항상 그전처럼 말야
You knew that I was no good for you
넌 내가 너에게 좋지 않을 거란 걸 알았어
when we lay down after doing that things you loved
네가 좋아하던 것들을 하고나서 누워있을 때 말야
you knew that I wasn’t better than you
넌 내가 너보다 나은 사람이 아닌 걸 알고 있었어
I hope that I could be seemed really fine with you leaving
네가 떠나도 괜찮아 보일 수 있으면 좋겠어
You stroked me and stared at me
넌 날 쓰다듬고 빤히 보곤 했지
I like it when you do
네가 그럴 때 참 좋았는데
I said “I know you love me too”
난 너도 나 사랑하는 거 안다고 말했고
I asked you,
난 물었어
“If you are the same, what If I quit it”
넌 똑같은데, 내가 그만두면 어쩔 거냐고
Leaving is fine
떠나는 건 괜찮아
It’s just I don’t wanna be falling behind again
난 또 다시 뒤쳐지기 싫은 거야
like every time, like every moment in the end
항상 그랬듯, 모든 마지막 순간처럼 말야
You knew that I was no good for you
넌 내가 너에게 좋지않을 거란 걸 알았어
when we lay down after doing that things you loved
네가 좋아하던 것들을 하고나서 누워있을 때 말야
you knew that I wasn’t better than you
넌 내가 너보다 나은 사람이 아닌 걸 알고 있었어
I hope that I could be seemed really fine with you leaving
네가 떠나도 괜찮아 보일 수 있으면 좋겠어
Suddenly, all the things seem complicated
갑자기 모든 게 복잡해 보였어
you could only fix it but my lips won’t let me tell the truth
오직 너만 고칠 수 있지만, 내 입이 사실을 말하게 두진 않을 거야
tell me how not to get hurted or broken
상처받거나 부숴 지지 않는 방법을 알려줘
even If you can’t afford loving me anymore
네가 날 더이상 사랑할 수 없게 돼도 말야
You knew that I was no good for you
넌 내가 너에게 좋지 않을 거란 걸 알았어
when we lay down after doing that things you loved
네가 좋아하던 것들을 하고나서 누워있을 때 말야
you knew that I wasn’t better than you
넌 내가 너보다 나은 사람이 아닌 걸 알고 있었어
I hope that I could be seemed really fine with you leaving
네가 떠나도 괜찮아 보일 수 있으면 좋겠어
You smoked and you looked at me
넌 담배를 피며 날 쳐다봤어
I hate it when you do
난 네가 그럴 때가 싫더라",2,행복,53.29%
37086834,사랑노래,dori,"뻔하디 뻔한 그런 사랑 노래
널리고 널린 그런 사랑 노래
라고 생각하고 살던 내가 이렇게 변했어
이제는 불러 너를 위한 노래
이렇게 불러 la-la-la
la-la-la 이건 우릴 위한 노래야
또 내 사랑 노래가 나와 길거리에
그때처럼 불러 줄게 네게
너와 함께 불렀었던 노래
네게만 닿기만 바라 정말
또 난 사랑 노랠 만들고 길거리에
그때처럼 불러 줄게 네게
너와 함께 글로 썼던 노래
네게만 닿기만 바라 정말
뻔하디 뻔한 그런 사랑 노래
널리고 널린 그런 사랑 노래
라고 생각하고 살던 내가 이렇게 변했어
이제는 불러 너를 위한 노래
이렇게 불러 la-la-la
la-la-la 이건 우릴 위한 노래야
오래 사랑했던 내 맘속 그 길 위엔
새로 쓰는 사랑은 의미가 없고
너와 함께 부르고 싶은 노래
네게만 닿기만 바라 정말
떠난 사랑 노래라고 말하지 못해
다시 쓰는 사랑엔 의미가 있고
너와 함께 부르고 싶은 노래
네게만 닿기만 바라 정말
뻔하디 뻔한 그런 사랑 노래
널리고 널린 그런 사랑 노래
라고 생각하고 살던 내가 이렇게 변했어
이제는 불러 너를 위한 노래
이렇게 불러 la-la-la
la-la-la 이건 우릴 위한 노래야
아직 미완성인 사랑 노래
네게 남겨둘게 이 노랠
다시 돌아와서 날 안아줘
아직 미완성인 사랑 노래
네게 남겨둘게 이 노랠
다시 돌아와서 날 안아줘
뻔하디 뻔한 그런 사랑 노래
널리고 널린 그런 사랑 노래
라고 생각하고 살던 내가 이렇게 변했어
이제는 불러 너를 위한 노래
이렇게 불러 la-la-la
la-la-la 이건 우릴 위한 노래야",1,행복,52.65%
485716,정말 사랑했을까,브라운 아이드 소울,"좋았나봐 널 많이 아꼈나봐
다시 못견디게 아픈걸 보니
가슴에서 자꾸만 열이 나고
널 떠올릴때마다 그리움이 흘러
숨겨봐도 그게 잘 안되나봐
이별 앓고있는 날 다 아는걸
씩씩한척 강한척 하는 내가
웃는 눈빛마저도 우는것
같아 보인대
우리 정말 사랑하긴 했을까
느낄 수가 없잖아
작고 좁은 나의 세상속에
살던 넌
행복하긴 했을까
우리 닮은 지난 추억이
초라한 내 앞이라 더 눈부셔
너 있는 곳 너무 멀어
다가갈 수 없어
헤어져도 보내지 못하나봐
니가 돌아와줄 것만 같아서
시간가면 잊을수 있을꺼란
굳은 다짐해봐도
매일 널 찾아 헤매는데
우리 정말 사랑하긴 했을까
믿을 수가 없잖아
좋은 사람으로 니 가슴에 내 모습
남긴 했을까
니가 곁에 없는 나보다
내가 없는 니가 더 두려워
나를 지우고 쉽게 또 사랑 할까봐
지키지 못할 약속들
그땐 왜 그렇게 많이 했는지
아직도 너를 위해 난 주고
싶은게 많은데
우리 정말 사랑하긴 했을까
느낄 수가 없잖아
작고 좁은 나의 세상속에 살던 넌
행복하긴 했을까
니가 곁에 없는 나보다
내가 없는 니가 더 두려워
니 사랑이 마지막이 될까봐",2,분노,51.31%
36964267,미워 (Ego),Crush,"유난이라고 하지 마
밤길은 위험하니까
딱 현관문 앞까지만
정말 얄미워
어쩜 이렇게 예뻐
나 떨어지기 싫어
아쉬워 너 미워
투정 같은 내 말투
달래는 너의 입맞춤
켜진 우리 머리 위에 불
아른하게
Girl you killed my ego
어쩜 이렇게 예뻐
나 떨어지기 싫어
아쉬워 너 미워
너 미워
미워 미워 미워
너 미워
미워 미워 미워
혼자 흥얼거려 멜로디 음
둘이 같이 들었던 노래야 음
반가움에 절로 미소 방긋
똑 닮아가는 우리 둘
또렷한 색에 옷이 물들 듯
심장은 너로 번져 온통 하얀색 구름 (아니 그러니까)
너희 강아지 산책만 같이 가면 안 돼? 응?
투정 같은 내 말투
달래는 너의 입맞춤
켜진 우리 머리 위에 불
아른하게
Girl you killed my ego
어쩜 이렇게 예뻐
나 떨어지기 싫어
아쉬워 너 미워
너 미워
미워 미워 미워
너 미워
미워 미워 미워
널 사랑한다는 이 말도
닳고 닳은 표현이라도
맞닿은 우리 둘의 마음도
밝게 비추네 이 밤
Girl you killed my ego
어쩜 이렇게 예뻐
나 떨어지기 싫어
아쉬워 너 미워",2,분노,50.67%
7881505,No Make Up,Zion.T,"진하게 화장을 하고
예쁘게 머리를 하고
오늘도 집을 나서는 넌 예뻐
높은 구두를 신고
짧은 치마를 입고 있는 너
너무나 아름다워 but
넌 모를 거야
자다가 일어나 살짝 부은 얼굴이
얼마나 예쁜지
넌 모를 거야
자기 전 세수한 니 모습이
얼마나 예쁜지
자꾸 거울 보지 마
몸무게 신경 쓰지 마
넌 그냥 그대로 너무 예쁜 걸
No make up ye no make up ye
No make up 일 때 제일 예쁜 너
빨간색 립스틱보다
투명한 립밤이 좋아
저 하늘 구름보다 자연스러워
어제도 힘들었는지
너무 지쳐 보여 너
이리 와서 내 품에 안겨 baby
넌 모를 거야
아이라인 없이 웃는
너의 예쁜 눈 웃음을
넌 모를 거야
메이크업 베이스 지우면
빛나는 우윳빛 피부
자꾸 거울 보지 마
몸무게 신경 쓰지 마
넌 그냥 그대로 너무 예쁜 걸
No make up ye no make up ye
No make up 일 때 제일 예쁜 너
아무리 얘기해도
넌 모르겠다고 하지만
바보 같아
오늘 내일 다음 날도
매일 말해주고파
예쁜 얼굴
넌 그냥 그대로 너무 예쁜 걸
No make up ye no make up ye
No make up 일 때 제일 예쁜 너",2,분노,50.04%
36981508,DIE 4 YOU,DEAN,"I don’t wanna go
Till everything comes crashing down
(나는 어디에도 가지 않을거야 모든 것이 무너지기전까진)
You’re the one I want
When everything comes crashing down
(모든것이 무너질때, 넌 내가 원하는 유일한 사람이야)
그냥 왜인지 난
너가 돌아올 것 같은데
I don’t wanna go
Till everything comes crashing down
(나는 어디에도 가지 않을거야 모든 것이 무너지기전까진)
You’re the one I want
When everything comes crashing down
(모든것이 무너질때, 넌 내가 원하는 유일한 사람이야)
Could you tell me once again, again?
(한번만 더 말해 줄 수 있어?)
Oh-oh-oh
널 안아줬던
그 날 처럼
오늘도 비가 오고 있어
Could you kill me once again, again?
(한번만 더 날 죽여줄 수 있어?)
Oh-oh-oh
Cuz I know, I know
I’ll be loving you
I’ll be loving you
(왜냐면 난 알거든 내가 널 계속 사랑할거라는걸)
I’m still loving you
(난 아직 널 사랑해)
Baby you know I’d die for you
(알잖아 난 널 위해서라면 죽을수도 있어)
네가 떠오르면 나는 미쳐
사실 아직 안믿겨
늦었을지도
모르지만
Let you know
어떤 멜로디도
그 어떤 스토리도 내겐
네 잔상일 뿐인데
I know it is way too late
(너무 늦은걸 알지만)
I know it is way too crazy
(너무 미친소리인걸 알지만)
But if you give me one more chance
(하지만 너가 내게 한번 더 기회를 준다면)
Could you tell me once again, again?
(한번만 더 말해 줄 수 있어?)
Oh-oh-oh
날 떠나갔던
그 날부터
하루도 잊은적 없어 난
Could you kill me once again, again?
(한번만 더 날 죽여줄 수 있어?)
Oh-oh-oh
Cuz I know, you know
I’ll be loving you
I’ll be loving you
(왜냐면 난 알거든 너도 알잖아 내가 널 계속 사랑할거라는걸)
What’s wrong?
Baby you know I’d die for you
(뭐가 문제야? 알잖아 자기야 난 널 위해서라면 죽어줄수도 있다는거)
I would die for you
I would die for you
I would die for you
I would die for you
(죽을수도 있어 널 위해서라면)",2,행복,50.05%
31249401,josee!,데이먼스 이어 (Damons year),"너는 달을 볼 때 눈이 커졌고
나는 너의 눈에 비친 것을 보네
네가 사랑하는 것이
나와 같아
나는 너를 보네
꽃이 피어가는 줄도 모른 채
고운 너의 그림자를 안고서
마지막처럼 입맞춤을 추곤
우리 늙지 말자
다 가져가 줘요
아쉬움 없도록
나의 사랑은
그리 길지 않으니
이 순간
나의 모든걸 줄게
남은 나의 시간도
아 아
다시 너를 안게 된다면
그땐 나의 빛을 밝혀서
너의 모든 것들을 덮어줄게
잘자 나의 우는 사랑",2,행복,51.67%
37611660,Every Night,Paul Blanco,"(Cuz I)
Wanna come home to you every single night
Im talking every single
Im tryna come home to you every
Plenty women tryna get to know me
But they can't hold me like you hold me
For you I got undying loyalty
You held me down when I had cold feet
It was lonely way before the rollies
And to my homies I show you like a trophy
Cuz I was couch hopping I was getting no sleep
Just pack your bags and come over is what you told me
So
오늘도 내일도 모레도
내 마음 변치않을게
네가 있는 곳
I call it home
어디든 갈게
Oh I
말해야겠어 tonight
Cuz I
Wanna come home to you every single night
Im talking every single
I'm tryna come home to you every single night
Da da da dada da
하루도 안빼고
I'm tryna come home to you every single night
You told me stop saying the same shi
But how else am I supposed to say sorry
You told me stop saying the same shi
Can't help but to say you're beautiful sorry
I got no patience but when I take you home
I hope there's a whole lotta traffic
If someone tried you it'd end up so tragic end up so graphic
오늘도 내일도 모레도
내 마음 변치않을게
네가 있는 곳
I call it home
어디든 갈게
Oh I
말해야겠어 tonight
Cuz I
Wanna come home to you every single night
Im talking every single
I'm tryna come home to you every single night
Da da da dada da
하루도 안빼고
I'm tryna come home to you every single night",2,행복,51.33%
2604975,미워요,정인,"날 다시 보고도 그댄 아무렇지 않네요
참 편하겠어요 그리 어른스런
사람이어서 웃으라 하지 말아요
잊으라 하지 말아요
내 가슴 아픈 것까지 맘대로 말아요
난 그댈 미워할래요
그것만은 하게 해줘요
못난 난 그대가 멀쩡한 그대가
미치도록 미워요
그 태연한 얼굴 여태 예전
그대로군요 좋은 사람 만나
그런 말을 자연스레 건네며
웃으라 하지 말아요
잊으라 하지 말아요
내 가슴 아픈 것까지 맘대로 말아요
난 그댈 미워할래요 그것만은
하게 해줘요 못난 난 그대가
멀쩡한 그대가 미치도록 미워요
서로 품을 찾던 숱한 밤들도
두근대던 새벽도 다 흩어졌나요
내겐 살아있는데 살갗 깊숙이
가슴 깊숙이 달라붙어 있는데
지워지지 않는데 잊으라 하지 말아요
내 가슴 아픈 것까지 맘대로 말아요
난 그댈 미워할래요 그것만은
하게 해줘요 못난 난 그대가
멀쩡한 그대가 미치도록 미워요",2,행복,50.14%
34587210,2 O' CLOCK,dori,"둘이서 너와
서로 눈치 봐 또
시간은 멈출 줄을 몰라
너와 같이 나
서로 맞춰봐도
생각이 더 나는지
너가 날 더
너가 날 더
사랑하는 게 내 눈에도 보여
너는 멀어져
너는 멀어져
사랑하는 게 내 눈에도 보여
너는 나 나빠 나빠서
제발 날 떠나가진 마
날 더 날 더
Ok 1 2 3
Did I 2 o'clock
When you were mine
I loved you Sweet girl
and Loved your mind
I loved you Sweet girl
and Loved your lie
I love you Sweetie girl
Cut that 2 o'clock
When you were mine
I loved you Sweet girl
and Loved your mind
I loved you Sweetie girl
and We all love is 2 o'clock
둘이서 너와
서러운지 밖에
나가 난 어딘지도 몰라
너와 같이 난
발걸음 맞춰봐도
웃음이 왜 안 나는지
너가 날 더
너가 날 더
사랑하는 게 내 눈에도 보여
너는 멀어져
너는 멀어져
사랑하는 게 내 눈에도 보여
너는 나 나빠 나빠서
제발 날 떠나가진 마
날 더 날 더
Ok 1 2 3
Did I 2 o'clock
When you were mine
I loved you Sweet girl
and Loved your mind
I loved you Sweet girl
and Loved your lie
I love you Sweetie girl
Cut that 2 o'clock
When you were mine
I loved you Sweet girl
and Loved your mind
I love you Sweetie girl
And 1 2 3
Did I 2 o'clock
When you were mine
I loved you Sweet girl
and Loved your mind
I loved you Sweet girl
and Loved your lie
I love you Sweetie girl
Cut that 2 o'clock
When you were mine
I loved you Sweet girl
and Loved your mind
I loved you Sweetie girl
and We all love is 2 o'clock",2,행복,51.45%
36743809,그런 일은,Paul Blanco,"너무나 멀어 보여요
이렇게 가까이 있는데도
언제나 나를 안아주던 따스한
인사도 잊은 건가요
내가 뭘 잘못했나요
혹시 나 미워졌나요
아니죠 떠나려는 건 아니죠
그런 일은 절대로
없을 거라 나는 믿을게요
오늘은 안돼요
내 사랑이 이대로는
이별을 감당하긴 어려운걸요
많은 약속을 다 지울 순 없잖아요
아직도 해드릴게 참 많이 있는데
얼마쯤 걸어가다가
한번은 날 뒤돌아 봐줄 거죠
그리곤 다시 예전처럼
다가와 웃으며 안아줄 거죠
정말 날 좋아했는데
정말 날 아꼈었는데
아니죠 그대를 다시 못 보는
그런 일은 절대로 없는 거죠
나는 믿을게요
오늘은 안돼요 내 사랑이
이대로는
이별을 감당하긴 어려운걸요
많은 약속을 다 지울 순
없잖아요
아직도 해드릴게 참 많은걸요
내일 아침엔 더 힘들어
질 거예요
어쩌면 며칠 밤을
지새우겠죠
언제까지나 곁에
있기로 했잖아요
그대가 아니라면 난 혼자인 걸요",2,행복,51.26%
5771304,Oasis (Feat. ZICO),Crush,"난 널
you
목말라해 너무 더워
물이 필요해 Hot in here
난 웅덩이 깊이 파인 곳을 찾아 다녀
달콤하게 날 더 바라봐줘
넌 훌륭해
이 메마른 땅을
정글로 만들고 난 모험하고 또 탐험
You know how we do it
we just do it
All you ladies hands in the air
All my ladies hands up in the air
그녀는 그녀는 날 미치게 해
그녀는 날 숨쉬게 해
Yeah
O A She's mine O A She's mine
O A She's mine Yeah She's mine
All you ladies hands in the air
All my ladies hands up in the air
그녀는 그녀는 날 미치게 해
그녀는 날 숨쉬게 해
Get closer to my body
천국에다가 데려다 줄게
body to body
넌 낮이 밤이 될 때까지
waterfall
그 속에서 난 헤엄치고 싶어
You know how we do it we just do it
All you ladies hands in the air
All my ladies hands up in the air
그녀는 그녀는 날 미치게 해
그녀는 날 숨쉬게 해
Yeah
O A She's mine O A She's mine
O A She's mine Yeah She's mine
All you ladies hands in the air
All my ladies hands up in the air
그녀는 그녀는 날 미치게 해
그녀는 날 숨쉬게 해
넌 남자들 욕망에
갈증 나게 하면서
어째서 주위 여자들은 물 맥여
때마침 넌 제대로 된
상대를 만났어
난 태연하게 제안하지 술 대결
결관 KO
고양이한테 생선을 맡긴 거야
늘 첫 경험하는 자세
앞뒤를 몰라
감탄사대신 엄지 척 다리 사이로
난 광주출신 아니지만 전라도 환영
넌 겨울 해 밤도 안됐는데
자꾸만 지려해 baby oh
쪽쪽 물고 뜯고
맛보고 즐겨 악 질러대
하고 싶죠 하고 있는데도
하고 싶을 거야
그럴 땐 이걸 꺼내먹어
You Know What
지구부터 달까지 로켓을 쏘아
All you ladies hands in the air
All my ladies hands up in the air
그녀는 그녀는 날 미치게 해
그녀는
O A She's mine
O A She's mine
O A She's mine",2,행복,50.90%
